,Feature Class,Description,ESRI GDB,Shapefile
0,Activity Range Vegetation Improvement,"The RngVegImprove feature class depicts the area planned and accomplished areas treated as a part of the Range Vegetation Improvement program of work, funded through the budget allocation process and reported through the Forest Service Activity Tracking System (FACTS) database within the Natural Resource Manager (NRM) suite of applications.","<a href=""https://data.fs.usda.gov/geodata/edw/edw_resources/fc/Actv_RngVegImprove.gdb.zip"">ESRI Geodatabase</a>","<a href=""https://data.fs.usda.gov/geodata/edw/edw_resources/shp/Actv_RngVegImprove.zip"">Shapefile</a>"
1,Activity Silviculture Timber Stand Improvement,"The SilvTSI (Silviculture Timber Stand Improvement) feature class represents activities associated with the following performance measure: Forest Vegetation Improved (Release, Weeding, and Cleaning, Precommercial Thinning, Pruning and Fertilization).","<a href=""https://data.fs.usda.gov/geodata/edw/edw_resources/fc/Actv_SilvTSI.gdb.zip"">ESRI Geodatabase</a>","<a href=""https://data.fs.usda.gov/geodata/edw/edw_resources/shp/Actv_SilvTSI.zip"">Shapefile</a>"
2,Activity SilvicultureReforestation,"The SilvReforestation feature class represents activities associated with the following performance measure: Forest Vegetation Establishment (Planting, Seeding, Site Preparation for Natural Regeneration and Certification of Natural Regeneration without Site Preparation).","<a href=""https://data.fs.usda.gov/geodata/edw/edw_resources/fc/Actv_SilvReforest.gdb.zip"">ESRI Geodatabase</a>","<a href=""https://data.fs.usda.gov/geodata/edw/edw_resources/shp/Actv_SilvReforest.zip"">Shapefile</a>"
3,Hazardous Fuel Treatment Reduction: Line,HazFuelTrt_LN (Hazardous Fuel Treatments - Line) represents activities of hazardous fuel treatment reduction.,"<a href=""https://data.fs.usda.gov/geodata/edw/edw_resources/fc/Actv_HazFuelTrt_LN.gdb.zip"">ESRI Geodatabase</a>","<a href=""https://data.fs.usda.gov/geodata/edw/edw_resources/shp/Actv_HazFuelTrt_LN.zip"">Shapefile</a>"
4,Hazardous Fuel Treatment Reduction: Polygon,HazFuelTrt_PL (Hazardous Fuel Treatments - Polygon) represents activities of hazardous fuel treatment reduction that are polygons.,"<a href=""https://data.fs.usda.gov/geodata/edw/edw_resources/fc/Actv_HazFuelTrt_PL.gdb.zip"">ESRI Geodatabase</a>","<a href=""https://data.fs.usda.gov/geodata/edw/edw_resources/shp/Actv_HazFuelTrt_PL.zip"">Shapefile</a>"
5,Timber Harvests,"The TimeberHarvest feature class depicts the area planned and accomplished acres treated as a part of the Timber Harvest program of work, funded through the budget allocation process and reported through the Forest Service Activity Tracking System (FACTS) database within the Natural Resource Manager (NRM) suite of applications.","<a href=""https://data.fs.usda.gov/geodata/edw/edw_resources/fc/Actv_TimberHarvest.gdb.zip"">ESRI Geodatabase</a>","<a href=""https://data.fs.usda.gov/geodata/edw/edw_resources/shp/Actv_TimberHarvest.zip"">Shapefile</a>"
6,Collaborative Forest Landscape Restoration Program: Line,CFLRP_LN represents Collaborative Forest Landscape Restoration (CFLR) Program project activities in polyline vector format.,"<a href=""https://data.fs.usda.gov/geodata/edw/edw_resources/fc/Actv_CFLRP_LN.gdb.zip"">ESRI Geodatabase</a>","<a href=""https://data.fs.usda.gov/geodata/edw/edw_resources/shp/Actv_CFLRP_LN.zip"">Shapefile</a>"
7,Collaborative Forest Landscape Restoration Program: Point,CFLRP_PL represents Collaborative Forest Landscape Restoration (CFLR) Program project activities in the format of a polygon vector.,"<a href=""https://data.fs.usda.gov/geodata/edw/edw_resources/fc/Actv_CFLRP_PT.gdb.zip"">ESRI Geodatabase</a>","<a href=""https://data.fs.usda.gov/geodata/edw/edw_resources/shp/Actv_CFLRP_PT.zip"">Shapefile</a>"
8,Collaborative Forest Landscape Restoration Program: Polygon,CFLRP_PL represents Collaborative Forest Landscape Restoration (CFLR) Program project activities in the format of a polygon vector.,"<a href=""https://data.fs.usda.gov/geodata/edw/edw_resources/fc/Actv_CFLRP_PL.gdb.zip"">ESRI Geodatabase</a>","<a href=""https://data.fs.usda.gov/geodata/edw/edw_resources/shp/Actv_CFLRP_PL.zip"">Shapefile</a>"
9,Integrated Resource Restoration (IRR): Line,IRR_LN (Integrated Resource Restoration (IRR): Line) depicts the location of activities funded through the NFRR (National Forest Resource Restoration) Budget Line Item and reported through the FACTS (Forest Service Activity Tracking System) database.,"<a href=""https://data.fs.usda.gov/geodata/edw/edw_resources/fc/Actv_IRR_LN.gdb.zip"">ESRI Geodatabase</a>","<a href=""https://data.fs.usda.gov/geodata/edw/edw_resources/shp/Actv_IRR_LN.zip"">Shapefile</a>"
10,Integrated Resource Restoration (IRR): Point,IRR_PL (Integrated Resource Restoration (IRR): Polygon) depicts the location of activities funded through the NFRR (National Budget Line Item and reported through the FACTS database.,"<a href=""https://data.fs.usda.gov/geodata/edw/edw_resources/fc/Actv_IRR_PL.gdb.zip"">ESRI Geodatabase</a>","<a href=""https://data.fs.usda.gov/geodata/edw/edw_resources/shp/Actv_IRR_PL.zip"">Shapefile</a>"
11,Integrated Resource Restoration (IRR): Polygon,Activity_IRR_PT (Integrated Resource Restoration (IRR): Line) depicts the location of activities funded through the NFRR (National Budget Line Item and reported through the FACTS (Forest Service Activity Tracking System) database.,"<a href=""https://data.fs.usda.gov/geodata/edw/edw_resources/fc/Actv_IRR_PT.gdb.zip"">ESRI Geodatabase</a>","<a href=""https://data.fs.usda.gov/geodata/edw/edw_resources/shp/Actv_IRR_PT.zip"">Shapefile</a>"
12,Stewardship Contracting: Line,StwrdCntrctng_LN (Stewardship Contracting: Line) depicts the linear activities within Stewardship Contracting Project Boundary.,"<a href=""https://data.fs.usda.gov/geodata/edw/edw_resources/fc/Actv_StwrdshpCntrctng_LN.gdb.zip"">ESRI Geodatabase</a>","<a href=""https://data.fs.usda.gov/geodata/edw/edw_resources/shp/Actv_StwrdshpCntrctng_LN.zip"">Shapefile</a>"
13,Stewardship Contracting: Point,StwrdshpCntrctng_PT (Stewardship Contracting: Point) depicts the locations of activities within Stewardship Contracting Project Boundary.,"<a href=""https://data.fs.usda.gov/geodata/edw/edw_resources/fc/Actv_StwrdshpCntrctng_PT.gdb.zip"">ESRI Geodatabase</a>","<a href=""https://data.fs.usda.gov/geodata/edw/edw_resources/shp/Actv_StwrdshpCntrctng_PT.zip"">Shapefile</a>"
14,Stewardship Contracting: Polygon,StwrdshpCntrctng_PL (Stewardship Contracting: Polygon) depicts the area of activities within Stewardship Contracting Project Boundary.,"<a href=""https://data.fs.usda.gov/geodata/edw/edw_resources/fc/Actv_StwrdshpCntrctng_PL.gdb.zip"">ESRI Geodatabase</a>","<a href=""https://data.fs.usda.gov/geodata/edw/edw_resources/shp/Actv_StwrdshpCntrctng_PL.zip"">Shapefile</a>"
15,Western Bark Beetle Strategy: Line,WBBS_LN depicts the area of activities to implement the Western Bark Beetle Strategy.,"<a href=""https://data.fs.usda.gov/geodata/edw/edw_resources/fc/Actv_WBBS_LN.gdb.zip"">ESRI Geodatabase</a>","<a href=""https://data.fs.usda.gov/geodata/edw/edw_resources/shp/Actv_WBBS_LN.zip"">Shapefile</a>"
16,Western Bark Beetle Strategy: Point,WBBS_PT depicts the location of activities to implement the Western Bark Beetle Strategy.,"<a href=""https://data.fs.usda.gov/geodata/edw/edw_resources/fc/Actv_WBBS_PT.gdb.zip"">ESRI Geodatabase</a>","<a href=""https://data.fs.usda.gov/geodata/edw/edw_resources/shp/Actv_WBBS_PT.zip"">Shapefile</a>"
17,Western Bark Beetle Strategy: Polygon,WBBS_PL depicts the area of activities to implement the Western Bark Beetle Strategy.,"<a href=""https://data.fs.usda.gov/geodata/edw/edw_resources/fc/Actv_WBBS_PL.gdb.zip"">ESRI Geodatabase</a>","<a href=""https://data.fs.usda.gov/geodata/edw/edw_resources/shp/Actv_WBBS_PL.zip"">Shapefile</a>"
18,Activity Knutson-Vandenberg,"The Knutson-Vandenberg Act (K-V) of June 9, 1930 (16 U.","<a href=""https://data.fs.usda.gov/geodata/edw/edw_resources/fc/Actv_KnutsonVandenberg.gdb.zip"">ESRI Geodatabase</a>","<a href=""https://data.fs.usda.gov/geodata/edw/edw_resources/shp/Actv_KnutsonVandenberg.zip"">Shapefile</a>"
19,Brush Disposal Funded Activities,The Brush Disposal Program (BD) was established in 1916.,"<a href=""https://data.fs.usda.gov/geodata/edw/edw_resources/fc/Actv_BrushDisposal.gdb.zip"">ESRI Geodatabase</a>","<a href=""https://data.fs.usda.gov/geodata/edw/edw_resources/shp/Actv_BrushDisposal.zip"">Shapefile</a>"
20,Administrative Forest Boundaries,An area encompassing all the National Forest System lands administered by an administrative unit.,"<a href=""https://data.fs.usda.gov/geodata/edw/edw_resources/fc/S_USA.AdministrativeForest.gdb.zip"">ESRI Geodatabase</a>","<a href=""https://data.fs.usda.gov/geodata/edw/edw_resources/shp/S_USA.AdministrativeForest.zip"">Shapefile</a>"
21,Forest Service Regional Boundaries,An area encompassing all the National Forest System lands administered by a Region.,"<a href=""https://data.fs.usda.gov/geodata/edw/edw_resources/fc/S_USA.AdministrativeRegion.gdb.zip"">ESRI Geodatabase</a>","<a href=""https://data.fs.usda.gov/geodata/edw/edw_resources/shp/S_USA.AdministrativeRegion.zip"">Shapefile</a>"
22,Ranger District Boundaries,A depiction of the boundary that encompasses a Ranger District.,"<a href=""https://data.fs.usda.gov/geodata/edw/edw_resources/fc/S_USA.RangerDistrict.gdb.zip"">ESRI Geodatabase</a>","<a href=""https://data.fs.usda.gov/geodata/edw/edw_resources/shp/S_USA.RangerDistrict.zip"">Shapefile</a>"
23,Ecological Provinces,The EcoMap Provinces feature class contains ecological province polygons attributed with names and descriptions.,"<a href=""https://data.fs.usda.gov/geodata/edw/edw_resources/fc/S_USA.EcoMapProvinces.gdb.zip"">ESRI Geodatabase</a>","<a href=""https://data.fs.usda.gov/geodata/edw/edw_resources/shp/S_USA.EcoMapProvinces.zip"">Shapefile</a>"
24,Ecological Section: Kuchler Mapping,"The Potential Natural Vegetation (PNV) Kuchler Sections feature class contains polygons for ecological sections, attributed with Kuchler's PNV type to show the relationships between ECOMAP 2007 and Kuchler's (1975, second edition) map of potential natural vegetation.","<a href=""https://data.fs.usda.gov/geodata/edw/edw_resources/fc/S_USA.PNV_KuchlerSections.gdb.zip"">ESRI Geodatabase</a>","<a href=""https://data.fs.usda.gov/geodata/edw/edw_resources/shp/S_USA.PNV_KuchlerSections.zip"">Shapefile</a>"
25,Ecological Section: Potential Natural Vegetation,"The Potential Natural Vegetation (PNV) 2000 feature class contains ecological section polygons attributed with PNV group to show the relationships between ECOMAP 2007 and potential natural vegetation groups developed through coarse-scale mapping for wildland fire and fuel management (USDA-FS, 2002).","<a href=""https://data.fs.usda.gov/geodata/edw/edw_resources/fc/S_USA.PNV_2000Sections.gdb.zip"">ESRI Geodatabase</a>","<a href=""https://data.fs.usda.gov/geodata/edw/edw_resources/shp/S_USA.PNV_2000Sections.zip"">Shapefile</a>"
26,Ecological Section: Soils,"The Soil Section feature class contains ecological section polygons attributed with soil characteristics to show relationships between ECOMAP 2007 and soil data from STATSGO, 2005.","<a href=""https://data.fs.usda.gov/geodata/edw/edw_resources/fc/S_USA.SoilsSections.gdb.zip"">ESRI Geodatabase</a>","<a href=""https://data.fs.usda.gov/geodata/edw/edw_resources/shp/S_USA.SoilsSections.zip"">Shapefile</a>"
27,Ecological Sections,The Ecomap Sections feature class contains ecological section polygons attributed with section names and descriptions.,"<a href=""https://data.fs.usda.gov/geodata/edw/edw_resources/fc/S_USA.EcomapSections.gdb.zip"">ESRI Geodatabase</a>","<a href=""https://data.fs.usda.gov/geodata/edw/edw_resources/shp/S_USA.EcomapSections.zip"">Shapefile</a>"
28,Ecological Sections by Climate,The Climate Sections feature class contains ecological section polygons attributed with climate information to show the relationships between ECOMAP 2007 and various climate data from the PRISM climate mapping system.,"<a href=""https://data.fs.usda.gov/geodata/edw/edw_resources/fc/S_USA.ClimateSections.gdb.zip"">ESRI Geodatabase</a>","<a href=""https://data.fs.usda.gov/geodata/edw/edw_resources/shp/S_USA.ClimateSections.zip"">Shapefile</a>"
29,Ecological Sections: Landcover,"The National Land Cover Sections feature class contains ecological section polygons attributed with land cover types to show the relationships between ECOMAP 2007 and National Landcover mapping (USGS, 1992).","<a href=""https://data.fs.usda.gov/geodata/edw/edw_resources/fc/S_USA.NationalLandcoverSections.gdb.zip"">ESRI Geodatabase</a>","<a href=""https://data.fs.usda.gov/geodata/edw/edw_resources/shp/S_USA.NationalLandcoverSections.zip"">Shapefile</a>"
30,Fenneman-Johnson Physiographic Sections,The Fenneman-Johnson Physiographic Sections feature class contains ecological section polygons attributed with physiographic types to show the relationships between ECOMAP 2007 and Fenneman-Johnson physiographic mapping from USGS (1946).,"<a href=""https://data.fs.usda.gov/geodata/edw/edw_resources/fc/S_USA.FennemanJohnsonPhySections.gdb.zip"">ESRI Geodatabase</a>","<a href=""https://data.fs.usda.gov/geodata/edw/edw_resources/shp/S_USA.FennemanJohnsonPhySections.zip"">Shapefile</a>"
31,Ecological Subsection: Kuchler Mapping,"The Potential Natural Vegetation (PNV) Kuchler Subsections feature class contains polygons for ecological subsections, attributed with Kuchler's PNV type to show the relationships between ECOMAP 2007 and Kuchler's (1975, second edition) map of potential natural vegetation.","<a href=""https://data.fs.usda.gov/geodata/edw/edw_resources/fc/S_USA.PNV_KuchlerSubsections.gdb.zip"">ESRI Geodatabase</a>","<a href=""https://data.fs.usda.gov/geodata/edw/edw_resources/shp/S_USA.PNV_KuchlerSubsections.zip"">Shapefile</a>"
32,Ecological Subsection: Potential Natural Vegetation,"The Potential Natural Vegetation (PNV) 2000 feature class contains ecological subsection polygons attributed with PNV group to show the relationships between ECOMAP 2007 and potential natural vegetation groups developed through coarse-scale mapping for wildland fire and fuel management (USDA-FS, 2002).","<a href=""https://data.fs.usda.gov/geodata/edw/edw_resources/fc/S_USA.PNV_2000Subsections.gdb.zip"">ESRI Geodatabase</a>","<a href=""https://data.fs.usda.gov/geodata/edw/edw_resources/shp/S_USA.PNV_2000Subsections.zip"">Shapefile</a>"
33,Ecological Subsection: Soils,"The Soil Subsections feature class contains ecological subsection polygons attributed with soil characteristics to show relationships between ECOMAP 2007 and soil data from STATSGO, 2005.","<a href=""https://data.fs.usda.gov/geodata/edw/edw_resources/fc/S_USA.SoilsSubsections.gdb.zip"">ESRI Geodatabase</a>","<a href=""https://data.fs.usda.gov/geodata/edw/edw_resources/shp/S_USA.SoilsSubsections.zip"">Shapefile</a>"
34,Ecological Subsections,The Ecomap Subsections feature class contains ecological subsection polygons attributed with subsection names and descriptions.,"<a href=""https://data.fs.usda.gov/geodata/edw/edw_resources/fc/S_USA.EcomapSubsections.gdb.zip"">ESRI Geodatabase</a>","<a href=""https://data.fs.usda.gov/geodata/edw/edw_resources/shp/S_USA.EcomapSubsections.zip"">Shapefile</a>"
35,Ecological Subsections by Climate,The Climate Subsections feature class contains ecological subsection polygons attributed with climate information to show the relationships between ECOMAP 2007 and various climate data from the PRISM climate mapping system.,"<a href=""https://data.fs.usda.gov/geodata/edw/edw_resources/fc/S_USA.ClimateSubsections.gdb.zip"">ESRI Geodatabase</a>","<a href=""https://data.fs.usda.gov/geodata/edw/edw_resources/shp/S_USA.ClimateSubsections.zip"">Shapefile</a>"
36,Ecological Subsections: Landcover,"The National Land Cover Subsections feature class contains ecological subsection polygons attributed with land cover types to show the relationships between ECOMAP 2007 and National Landcover mapping (USGS, 1992).","<a href=""https://data.fs.usda.gov/geodata/edw/edw_resources/fc/S_USA.NationalLandcoverSubsections.gdb.zip"">ESRI Geodatabase</a>","<a href=""https://data.fs.usda.gov/geodata/edw/edw_resources/shp/S_USA.NationalLandcoverSubsections.zip"">Shapefile</a>"
37,Fenneman-Johnson Physiographic Subsections,The Fenneman-Johnson Physiographic Subsections feature class contains ecological subsection polygons attributed with physiographic types to show the relationships between ECOMAP 2007 and Fenneman-Johnson physiographic mapping from USGS (1946).,"<a href=""https://data.fs.usda.gov/geodata/edw/edw_resources/fc/S_USA.FennemanJohnsonPhySubsections.gdb.zip"">ESRI Geodatabase</a>","<a href=""https://data.fs.usda.gov/geodata/edw/edw_resources/shp/S_USA.FennemanJohnsonPhySubsections.zip"">Shapefile</a>"
38,Collaborative Forest Landscape Restoration Project Boundaries,Depicts the boundaries for the Collaborative Forest Landscape Restoration (CFLR).,"<a href=""https://data.fs.usda.gov/geodata/edw/edw_resources/fc/Actv_CFLR_HPRP_ProjectBoundary.gdb.zip"">ESRI Geodatabase</a>","<a href=""https://data.fs.usda.gov/geodata/edw/edw_resources/shp/Actv_CFLR_HPRP_ProjectBoundary.zip"">Shapefile</a>"
39,Current Invasive Plants,The Current Invasive Plants (InvasivePlantCurrent) feature class contains only the most recent or latest invasive Plant Infestation polygons collected by the National Invasive Plant Inventory Protocol.,"<a href=""https://data.fs.usda.gov/geodata/edw/edw_resources/fc/S_USA.InvasivePlantCurrent.gdb.zip"">ESRI Geodatabase</a>","<a href=""https://data.fs.usda.gov/geodata/edw/edw_resources/shp/S_USA.InvasivePlantCurrent.zip"">Shapefile</a>"
40,Forest Service developed sites subject to regulation,"An area having regulations and/or restrictions related to existing buildings, structures, or resource activities such as a constructed fuel breaks.","<a href=""https://data.fs.usda.gov/geodata/edw/edw_resources/fc/S_USA.DevelopedSite.gdb.zip"">ESRI Geodatabase</a>","<a href=""https://data.fs.usda.gov/geodata/edw/edw_resources/shp/S_USA.DevelopedSite.zip"">Shapefile</a>"
41,Geopolitical Units adjusted within Administrative Forest Boundaries,"This feature class includes States, Counties or Boroughs, Congressional Districts, Alaska Recording Districts, County Subdivisions, and Places boundaries that are derived from the latest official Census Bureau and Alaska Department of Natural Resources datasets.","<a href=""https://data.fs.usda.gov/geodata/edw/edw_resources/fc/S_USA.ALPGeopoliticalUnit.gdb.zip"">ESRI Geodatabase</a>","<a href=""https://data.fs.usda.gov/geodata/edw/edw_resources/shp/S_USA.ALPGeopoliticalUnit.zip"">Shapefile</a>"
42,Hazardous sites,"Polygons representing Forest Service land areas with a regulated use specification authorized by the Comprehensive Environmental Response, Compensation, and Liability Act of 1980.","<a href=""https://data.fs.usda.gov/geodata/edw/edw_resources/fc/S_USA.CERCLASITE.gdb.zip"">ESRI Geodatabase</a>","<a href=""https://data.fs.usda.gov/geodata/edw/edw_resources/shp/S_USA.CERCLASITE.zip"">Shapefile</a>"
43,Land Management Planning Unit (LMPU),"The Land Management Planning Unit (LMPU) feature class displays the plan revision status for FS land management planning units, their boundaries, FS Region, planning phase milestone and associated date, and link to a related planning website.","<a href=""https://data.fs.usda.gov/geodata/edw/edw_resources/fc/S_USA.LMPU.gdb.zip"">ESRI Geodatabase</a>","<a href=""https://data.fs.usda.gov/geodata/edw/edw_resources/shp/S_USA.LMPU.zip"">Shapefile</a>"
44,Land Utilization,A unit designated by the Secretary of Agriculture for conservation and utilization under Title III of the Bankhead-Jones Farm Tenant Act.,"<a href=""https://data.fs.usda.gov/geodata/edw/edw_resources/fc/S_USA.LandUtilizationProject.gdb.zip"">ESRI Geodatabase</a>","<a href=""https://data.fs.usda.gov/geodata/edw/edw_resources/shp/S_USA.LandUtilizationProject.zip"">Shapefile</a>"
45,Mineral Rights,"An area depicting ownership parcels of the subsurface estate, representing mineral rights; it is collected only if the subsurface estate is different than the overlying surface estate.","<a href=""https://data.fs.usda.gov/geodata/edw/edw_resources/fc/S_USA.MINERALRIGHT.gdb.zip"">ESRI Geodatabase</a>","<a href=""https://data.fs.usda.gov/geodata/edw/edw_resources/shp/S_USA.MINERALRIGHT.zip"">Shapefile</a>"
46,National Forest Lands with Nationally Designated Management or Use Limitations,A boundary within which National Forest System land parcels have managment or use limits placed on them by legal authority.,"<a href=""https://data.fs.usda.gov/geodata/edw/edw_resources/fc/S_USA.OtherNationalDesignatedArea.gdb.zip"">ESRI Geodatabase</a>","<a href=""https://data.fs.usda.gov/geodata/edw/edw_resources/shp/S_USA.OtherNationalDesignatedArea.zip"">Shapefile</a>"
47,National Forest Lands with Nationally Designated Management or Use Limitations:  Legal Status,A boundary of an area designation within which National Forest System land parcels have management or use limits placed on them by legal authority above the Agency level (e.,"<a href=""https://data.fs.usda.gov/geodata/edw/edw_resources/fc/S_USA.OthNatlDesgAreaStatus.gdb.zip"">ESRI Geodatabase</a>","<a href=""https://data.fs.usda.gov/geodata/edw/edw_resources/shp/S_USA.OthNatlDesgAreaStatus.zip"">Shapefile</a>"
48,National Forest System Land Units,"An NFS Land Unit is nationally significant classification of Federally owned forest, range, and related lands that are administered by the USDA Forest Service or designated for administration through the Forest Service.","<a href=""https://data.fs.usda.gov/geodata/edw/edw_resources/fc/S_USA.NFSLandUnit.gdb.zip"">ESRI Geodatabase</a>","<a href=""https://data.fs.usda.gov/geodata/edw/edw_resources/shp/S_USA.NFSLandUnit.zip"">Shapefile</a>"
49,National Grassland Units,A National Grassland unit designated by the Secretary of Agriculture and permanently held by the Department of Agriculture under Title III of the Bankhead-Jones Farm Tenant Act.,"<a href=""https://data.fs.usda.gov/geodata/edw/edw_resources/fc/S_USA.NationalGrassland.gdb.zip"">ESRI Geodatabase</a>","<a href=""https://data.fs.usda.gov/geodata/edw/edw_resources/shp/S_USA.NationalGrassland.zip"">Shapefile</a>"
50,National Wild and Scenic River Lines,This polyline feature class depicts the river corridors of each Wild and Scenic River designated by Congress or the Secretary of the Interior for the United States and Puerto Rico.,"<a href=""https://data.fs.usda.gov/geodata/edw/edw_resources/fc/S_USA.WildScenicRiver_LN.gdb.zip"">ESRI Geodatabase</a>","<a href=""https://data.fs.usda.gov/geodata/edw/edw_resources/shp/S_USA.WildScenicRiver_LN.zip"">Shapefile</a>"
51,National Wild and Scenic River Segments,This polyline feature class depicts the classification of each wild and scenic river segment designated by Congress and the Secretary of the Interior for the United States and Puerto Rico.,"<a href=""https://data.fs.usda.gov/geodata/edw/edw_resources/fc/S_USA.WildScenicRiverSegment_LN.gdb.zip"">ESRI Geodatabase</a>","<a href=""https://data.fs.usda.gov/geodata/edw/edw_resources/shp/S_USA.WildScenicRiverSegment_LN.zip"">Shapefile</a>"
52,National Wild and Scenic Rivers,"A boundary depicting an area that has been designated as a National Wild, Scenic or Recreational River in the National Wild and Scenic River System.","<a href=""https://data.fs.usda.gov/geodata/edw/edw_resources/fc/S_USA.WildScenicRiver.gdb.zip"">ESRI Geodatabase</a>","<a href=""https://data.fs.usda.gov/geodata/edw/edw_resources/shp/S_USA.WildScenicRiver.zip"">Shapefile</a>"
53,National Wilderness Areas,A boundary depicting an area that has been designated as a National Wilderness in the National Wilderness Preservation System.,"<a href=""https://data.fs.usda.gov/geodata/edw/edw_resources/fc/S_USA.Wilderness.gdb.zip"">ESRI Geodatabase</a>","<a href=""https://data.fs.usda.gov/geodata/edw/edw_resources/shp/S_USA.Wilderness.zip"">Shapefile</a>"
54,Original Proclaimed National Forests,"The FS National Forests Dataset (US Forest Service Proclaimed Forests) is a depiction of the boundaries encompassing the National Forest System (NFS) lands within the original proclaimed National Forests, along with subsequent Executive Orders, Proclamations, Public Laws, Public Land Orders, Secretary of Agriculture Orders, and Secretary of Interior Orders creating modifications thereto, along with lands added to the NFS which have taken on the status of 'reserved from the public domain' under the General Exchange Act.","<a href=""https://data.fs.usda.gov/geodata/edw/edw_resources/fc/S_USA.ProclaimedForest.gdb.zip"">ESRI Geodatabase</a>","<a href=""https://data.fs.usda.gov/geodata/edw/edw_resources/shp/S_USA.ProclaimedForest.zip"">Shapefile</a>"
55,Original Proclaimed National Forests and National Grasslands,This layer includes both Proclaimed Forest and National Grassland boundary areas.,"<a href=""https://data.fs.usda.gov/geodata/edw/edw_resources/fc/S_USA.ProclaimedForest_Grassland.gdb.zip"">ESRI Geodatabase</a>","<a href=""https://data.fs.usda.gov/geodata/edw/edw_resources/shp/S_USA.ProclaimedForest_Grassland.zip"">Shapefile</a>"
56,Other Sub Surface Right,"An area depicting ownership parcels of the subsurface estate, excluding mineral rights; it is collected only if the subsurface estate is different than the overlying surface estate.","<a href=""https://data.fs.usda.gov/geodata/edw/edw_resources/fc/S_USA.OtherSubSurfaceRight.gdb.zip"">ESRI Geodatabase</a>","<a href=""https://data.fs.usda.gov/geodata/edw/edw_resources/shp/S_USA.OtherSubSurfaceRight.zip"">Shapefile</a>"
57,Other Surface Right,"An area depicting a right to a surface resource, excluding rights of way.","<a href=""https://data.fs.usda.gov/geodata/edw/edw_resources/fc/S_USA.OtherSurfaceRight.gdb.zip"">ESRI Geodatabase</a>","<a href=""https://data.fs.usda.gov/geodata/edw/edw_resources/shp/S_USA.OtherSurfaceRight.zip"">Shapefile</a>"
58,"Parcels withdrawn from settlement, sale, mineral location, and/or entry","Federal land parcels that are withdrawn from settlement, sale, location, or entry under some or all of the general land and mineral laws in order to maintain other public values or purposes.","<a href=""https://data.fs.usda.gov/geodata/edw/edw_resources/fc/S_USA.Withdrawal.gdb.zip"">ESRI Geodatabase</a>","<a href=""https://data.fs.usda.gov/geodata/edw/edw_resources/shp/S_USA.Withdrawal.zip"">Shapefile</a>"
59,Public Land Survey Corner,"A land survey point from a GCDB LX file, survey plat, or captured from a CFF land net coverage.","<a href=""https://data.fs.usda.gov/geodata/edw/edw_resources/fc/S_USA.Corner.gdb.zip"">ESRI Geodatabase</a>","<a href=""https://data.fs.usda.gov/geodata/edw/edw_resources/shp/S_USA.Corner.zip"">Shapefile</a>"
60,Public Land Survey Monument,A featureclass depicting survey monuments.,"<a href=""https://data.fs.usda.gov/geodata/edw/edw_resources/fc/S_USA.Monument.gdb.zip"">ESRI Geodatabase</a>","<a href=""https://data.fs.usda.gov/geodata/edw/edw_resources/shp/S_USA.Monument.zip"">Shapefile</a>"
61,Public Land Survey System Quarter Section,This Quarter Section feature class depicts PLSS Second Divisions .,"<a href=""https://data.fs.usda.gov/geodata/edw/edw_resources/fc/S_USA.QuarterSection.gdb.zip"">ESRI Geodatabase</a>","<a href=""https://data.fs.usda.gov/geodata/edw/edw_resources/shp/S_USA.QuarterSection.zip"">Shapefile</a>"
62,Public Land Survey System Sections,An area defined by the Public Lands Survey System Grid.,"<a href=""https://data.fs.usda.gov/geodata/edw/edw_resources/fc/S_USA.Section.gdb.zip"">ESRI Geodatabase</a>","<a href=""https://data.fs.usda.gov/geodata/edw/edw_resources/shp/S_USA.Section.zip"">Shapefile</a>"
63,Public Land Survey System Townships,"An area defined by the Public Lands Survey System grid that is referenced by its tier and range numbers, and is normally a rectangle approximately 6 miles on a side with boundaries conforming to meridians and parallels.","<a href=""https://data.fs.usda.gov/geodata/edw/edw_resources/fc/S_USA.Township.gdb.zip"">ESRI Geodatabase</a>","<a href=""https://data.fs.usda.gov/geodata/edw/edw_resources/shp/S_USA.Township.zip"">Shapefile</a>"
64,Purchase Units under the Weeks Law,A unit designated by the Secretary of Agriculture or previously approved by the National Forest Reservation Commission for purposes of Weeks Law acquisition.,"<a href=""https://data.fs.usda.gov/geodata/edw/edw_resources/fc/S_USA.PurchaseUnit.gdb.zip"">ESRI Geodatabase</a>","<a href=""https://data.fs.usda.gov/geodata/edw/edw_resources/shp/S_USA.PurchaseUnit.zip"">Shapefile</a>"
65,Right of Way,"An area depicting a privilege to pass over the land of another in some particular path; usually an easement over the land of another; a strip of land used in this way for railroad and highway purposes, for pipelines or pole lines and for private and public passage.","<a href=""https://data.fs.usda.gov/geodata/edw/edw_resources/fc/S_USA.RightOfWay.gdb.zip"">ESRI Geodatabase</a>","<a href=""https://data.fs.usda.gov/geodata/edw/edw_resources/shp/S_USA.RightOfWay.zip"">Shapefile</a>"
66,Special Interest Management Areas,A boundary within which National Forest System land parcels have management or use limits placed on them by the Forest Service.,"<a href=""https://data.fs.usda.gov/geodata/edw/edw_resources/fc/S_USA.SpecialInterestManagementArea.gdb.zip"">ESRI Geodatabase</a>","<a href=""https://data.fs.usda.gov/geodata/edw/edw_resources/shp/S_USA.SpecialInterestManagementArea.zip"">Shapefile</a>"
67,Special Status Areas,A land area that has distinct management/use authorities or agreements for Forest Service action.,"<a href=""https://data.fs.usda.gov/geodata/edw/edw_resources/fc/S_USA.SpecialStatusArea.gdb.zip"">ESRI Geodatabase</a>","<a href=""https://data.fs.usda.gov/geodata/edw/edw_resources/shp/S_USA.SpecialStatusArea.zip"">Shapefile</a>"
68,Surface Ownership Parcels,An area depicted as surface ownership parcels dissolved on the same ownership classification.,"<a href=""https://data.fs.usda.gov/geodata/edw/edw_resources/fc/S_USA.BasicOwnership.gdb.zip"">ESRI Geodatabase</a>","<a href=""https://data.fs.usda.gov/geodata/edw/edw_resources/shp/S_USA.BasicOwnership.zip"">Shapefile</a>"
69,"Surface Ownership Parcels, detailed",An area depicting ownership parcels of the surface estate.,"<a href=""https://data.fs.usda.gov/geodata/edw/edw_resources/fc/S_USA.SurfaceOwnership.gdb.zip"">ESRI Geodatabase</a>","<a href=""https://data.fs.usda.gov/geodata/edw/edw_resources/shp/S_USA.SurfaceOwnership.zip"">Shapefile</a>"
70,Survey Boundaries maintained by the US Forest Service,Surface Management Agency (SMA) lines represent the surveyed boundary lines for which the Forest Service is responsible for marking and posting.,"<a href=""https://data.fs.usda.gov/geodata/edw/edw_resources/fc/S_USA.SMABoundary.gdb.zip"">ESRI Geodatabase</a>","<a href=""https://data.fs.usda.gov/geodata/edw/edw_resources/shp/S_USA.SMABoundary.zip"">Shapefile</a>"
71,Survey parcels described by metes and bounds,A depiction of a survey parcel described by a metes and bounds description.,"<a href=""https://data.fs.usda.gov/geodata/edw/edw_resources/fc/S_USA.Tract.gdb.zip"">ESRI Geodatabase</a>","<a href=""https://data.fs.usda.gov/geodata/edw/edw_resources/shp/S_USA.Tract.zip"">Shapefile</a>"
72,Wild and Scenic Rivers: Legal Status,"A boundary of an area designation that comprises all or a portion of a National Wild, Scenic or Recreational River in the Wild and Scenic River System.","<a href=""https://data.fs.usda.gov/geodata/edw/edw_resources/fc/S_USA.WildScenicRiverStatus.gdb.zip"">ESRI Geodatabase</a>","<a href=""https://data.fs.usda.gov/geodata/edw/edw_resources/shp/S_USA.WildScenicRiverStatus.zip"">Shapefile</a>"
73,Wilderness Areas: Legal Status,A boundary of an area designation that comprises all or a portion of a National Wilderness in the National Wilderness Preservation System.,"<a href=""https://data.fs.usda.gov/geodata/edw/edw_resources/fc/S_USA.WildernessStatus.gdb.zip"">ESRI Geodatabase</a>","<a href=""https://data.fs.usda.gov/geodata/edw/edw_resources/shp/S_USA.WildernessStatus.zip"">Shapefile</a>"
74,PADUS FS Managed Surface Ownership Parcels,An area depicting National Forest System (NFS) ownership parcels of the surface estate.,"<a href=""https://data.fs.usda.gov/geodata/edw/edw_resources/fc/S_USA.PADUS_Fee.gdb.zip"">ESRI Geodatabase</a>","<a href=""https://data.fs.usda.gov/geodata/edw/edw_resources/shp/S_USA.PADUS_Fee.zip"">Shapefile</a>"
75,PADUS FS National Designated Areas,"An area depicting designated National Forest System (NFS) land boundaries, excluding boundaries designated by proclamation.","<a href=""https://data.fs.usda.gov/geodata/edw/edw_resources/fc/S_USA.PADUS_Designation.gdb.zip"">ESRI Geodatabase</a>","<a href=""https://data.fs.usda.gov/geodata/edw/edw_resources/shp/S_USA.PADUS_Designation.zip"">Shapefile</a>"
76,PADUS FS Proclaimed NF and National Grassland Boundaries,An area depicting designated National Forest System (NFS) land boundaries which are designated by proclamation.,"<a href=""https://data.fs.usda.gov/geodata/edw/edw_resources/fc/S_USA.PADUS_Proc.gdb.zip"">ESRI Geodatabase</a>","<a href=""https://data.fs.usda.gov/geodata/edw/edw_resources/shp/S_USA.PADUS_Proc.zip"">Shapefile</a>"
77,PADUS FS Scenic and Conservation Easement Areas,"An area depicting a type of special use authorization (usually granted for linear rights-of-way) that is utilized in those situations where a conveyance of a limited and transferable interest in National Forest System (NFS) land is necessary or desirable to serve or facilitate authorized long-term uses, and that may be compensable according to its terms.","<a href=""https://data.fs.usda.gov/geodata/edw/edw_resources/fc/S_USA.PADUS_Easement.gdb.zip"">ESRI Geodatabase</a>","<a href=""https://data.fs.usda.gov/geodata/edw/edw_resources/shp/S_USA.PADUS_Easement.zip"">Shapefile</a>"
78,Range: Allotment,Allotment is a feature class in the Range Management Unit (RMU) data set.,"<a href=""https://data.fs.usda.gov/geodata/edw/edw_resources/fc/S_USA.Allotment.gdb.zip"">ESRI Geodatabase</a>","<a href=""https://data.fs.usda.gov/geodata/edw/edw_resources/shp/S_USA.Allotment.zip"">Shapefile</a>"
79,Range: Pasture,Pasture is a feature class in the Range Management Unit (RMU) data set.,"<a href=""https://data.fs.usda.gov/geodata/edw/edw_resources/fc/S_USA.Pasture.gdb.zip"">ESRI Geodatabase</a>","<a href=""https://data.fs.usda.gov/geodata/edw/edw_resources/shp/S_USA.Pasture.zip"">Shapefile</a>"
80,Range: Wild Horse and Burro Territory,WildHorseBurro is a feature class in the Range Management Unit (RMU) data set.,"<a href=""https://data.fs.usda.gov/geodata/edw/edw_resources/fc/S_USA.WildHorseBurro.gdb.zip"">ESRI Geodatabase</a>","<a href=""https://data.fs.usda.gov/geodata/edw/edw_resources/shp/S_USA.WildHorseBurro.zip"">Shapefile</a>"
81,Recreation Area Activities,This dataset contains the recreation opportunity information that the Forest Service collects through the Recreation Portal and shares with the public on http://www.,"<a href=""https://data.fs.usda.gov/geodata/edw/edw_resources/fc/S_USA.RECAREAACTIVITIES_V.gdb.zip"">ESRI Geodatabase</a>","<a href=""https://data.fs.usda.gov/geodata/edw/edw_resources/shp/S_USA.RECAREAACTIVITIES_V.zip"">Shapefile</a>"
82,Recreation Area Sites Public Information,This dataset shows information about the USDA Forest Service constructed recreation sites used to populate the public facing webpages.,"<a href=""https://data.fs.usda.gov/geodata/edw/edw_resources/fc/S_USA.Rec_RecreationSitesINFRA.gdb.zip"">ESRI Geodatabase</a>","<a href=""https://data.fs.usda.gov/geodata/edw/edw_resources/shp/S_USA.Rec_RecreationSitesINFRA.zip"">Shapefile</a>"
83,Recreation Opportunities,This dataset contains the recreation site opportunity information that the Forest Service collects through the Recreation Portal and shares with the public on the Forest Service World Wide Web pages www.,"<a href=""https://data.fs.usda.gov/geodata/edw/edw_resources/fc/S_USA.RECREATIONOPPORTUNITIES.gdb.zip"">ESRI Geodatabase</a>","<a href=""https://data.fs.usda.gov/geodata/edw/edw_resources/shp/S_USA.RECREATIONOPPORTUNITIES.zip"">Shapefile</a>"
84,Roadless Areas: 2001 Roadless Rule,"This dataset is the official data for the 2001 Roadless Area Conservation Rule (36 CFR 294, Subpart B).","<a href=""https://data.fs.usda.gov/geodata/edw/edw_resources/fc/S_USA.RoadlessArea_2001.gdb.zip"">ESRI Geodatabase</a>","<a href=""https://data.fs.usda.gov/geodata/edw/edw_resources/shp/S_USA.RoadlessArea_2001.zip"">Shapefile</a>"
85,"Roadless Areas: 2001, Idaho, and Colorado Rules Combined",The RoadlessArea_2001_ID_CO feature class describes the boundaries of all Roadless Areas managed by the U.,"<a href=""https://data.fs.usda.gov/geodata/edw/edw_resources/fc/S_USA.RoadlessArea_2001_ID_CO.gdb.zip"">ESRI Geodatabase</a>","<a href=""https://data.fs.usda.gov/geodata/edw/edw_resources/shp/S_USA.RoadlessArea_2001_ID_CO.zip"">Shapefile</a>"
86,Roadless Areas: Colorado Roadless Rule,This feature class describes the boundaries of Roadless Areas designated by the Colorado Roadless Rule of 2012 and managed by the U.,"<a href=""https://data.fs.usda.gov/geodata/edw/edw_resources/fc/S_USA.RoadlessArea_CO_2012.gdb.zip"">ESRI Geodatabase</a>","<a href=""https://data.fs.usda.gov/geodata/edw/edw_resources/shp/S_USA.RoadlessArea_CO_2012.zip"">Shapefile</a>"
87,Roadless Areas: Idaho Roadless Rule,The RoadlessArea_ID_2008 feature class describes the boundaries of Roadless Areas designated by the Idaho Roadless Rule of 2008 and managed by the U.,"<a href=""https://data.fs.usda.gov/geodata/edw/edw_resources/fc/S_USA.RoadlessArea_ID_2008.gdb.zip"">ESRI Geodatabase</a>","<a href=""https://data.fs.usda.gov/geodata/edw/edw_resources/shp/S_USA.RoadlessArea_ID_2008.zip"">Shapefile</a>"
88,Motor Vehicle Use Map: Roads,The feature class indicates the specific types of motorized vehicles allowed on the designated routes and their seasons of use.,"<a href=""https://data.fs.usda.gov/geodata/edw/edw_resources/fc/S_USA.Road_MVUM.gdb.zip"">ESRI Geodatabase</a>","<a href=""https://data.fs.usda.gov/geodata/edw/edw_resources/shp/S_USA.Road_MVUM.zip"">Shapefile</a>"
89,Motor Vehicle Use Map: Trails,This feature class depicts Forest Service trails where motorized use is allowed.,"<a href=""https://data.fs.usda.gov/geodata/edw/edw_resources/fc/S_USA.Trail_MVUM.gdb.zip"">ESRI Geodatabase</a>","<a href=""https://data.fs.usda.gov/geodata/edw/edw_resources/shp/S_USA.Trail_MVUM.zip"">Shapefile</a>"
90,National Forest System Roads,Existing Forest Service roads with attributes representing their characteristics.,"<a href=""https://data.fs.usda.gov/geodata/edw/edw_resources/fc/S_USA.RoadCore_FS.gdb.zip"">ESRI Geodatabase</a>","<a href=""https://data.fs.usda.gov/geodata/edw/edw_resources/shp/S_USA.RoadCore_FS.zip"">Shapefile</a>"
91,National Forest System Trails,The TrailNFS_Publish Layer is designed to provide information about National Forest System trail locations and characteristics to the public.,"<a href=""https://data.fs.usda.gov/geodata/edw/edw_resources/fc/S_USA.TrailNFS_Publish.gdb.zip"">ESRI Geodatabase</a>","<a href=""https://data.fs.usda.gov/geodata/edw/edw_resources/shp/S_USA.TrailNFS_Publish.zip"">Shapefile</a>"
92,Active Periodical Cicada Broods of the United States,Active Periodical Cicada Broods of the United States.,"<a href=""https://data.fs.usda.gov/geodata/edw/edw_resources/fc/S_USA.Periodical_Cicada_Brood.gdb.zip"">ESRI Geodatabase</a>","<a href=""https://data.fs.usda.gov/geodata/edw/edw_resources/meta/S_USA.Periodical_Cicada_Brood.xml"">Shapefile</a>"
93,Aerial Fire Retardant Avoidance Areas:  Terrestrial,"This data depicts terrestrial aerial fire retardant avoidance areas delivered as part of the 2011 Nationwide Aerial Application of Fire Retardant on National Forest System Land Environmental Impact Statement, the 2023 Supplemental Environmental Impact Statement, and the 2024 Record of Decision.","<a href=""https://data.fs.usda.gov/geodata/edw/edw_resources/fc/S_USA.AerialFireRetardantAvoidance.gdb.zip"">ESRI Geodatabase</a>","<a href=""https://data.fs.usda.gov/geodata/edw/edw_resources/shp/S_USA.AerialFireRetardantAvoidance.zip"">Shapefile</a>"
94,Aerial Fire Retardant Hydrographic Avoidance Areas:  Aquatic - Region 1,Aerial retardant avoidance area for hydrographic feature data are based on high resolution National Hydrographic Dataset (NHD) produced by USGS and available from the USFS.,"<a href=""https://data.fs.usda.gov/geodata/edw/edw_resources/fc/S_R01.AFRAA_Hydro.gdb.zip"">ESRI Geodatabase</a>","<a href=""https://data.fs.usda.gov/geodata/edw/edw_resources/shp/S_R01.AFRAA_Hydro.zip"">Shapefile</a>"
95,Aerial Fire Retardant Hydrographic Avoidance Areas:  Aquatic - Region 10,Aerial retardant avoidance area for hydrographic feature data are based on high resolution National Hydrographic Dataset (NHD) produced by USGS and available from the USFS.,"<a href=""https://data.fs.usda.gov/geodata/edw/edw_resources/fc/S_R10.AFRAA_Hydro.gdb.zip"">ESRI Geodatabase</a>","<a href=""https://data.fs.usda.gov/geodata/edw/edw_resources/shp/S_R10.AFRAA_Hydro.zip"">Shapefile</a>"
96,Aerial Fire Retardant Hydrographic Avoidance Areas:  Aquatic - Region 2,Aerial retardant avoidance area for hydrographic feature data are based on high resolution National Hydrographic Dataset (NHD) produced by USGS and available from the USFS.,"<a href=""https://data.fs.usda.gov/geodata/edw/edw_resources/fc/S_R02.AFRAA_Hydro.gdb.zip"">ESRI Geodatabase</a>","<a href=""https://data.fs.usda.gov/geodata/edw/edw_resources/shp/S_R02.AFRAA_Hydro.zip"">Shapefile</a>"
97,Aerial Fire Retardant Hydrographic Avoidance Areas:  Aquatic - Region 3,Aerial retardant avoidance area for hydrographic feature data are based on high resolution National Hydrographic Dataset (NHD) produced by USGS and available from the USFS.,"<a href=""https://data.fs.usda.gov/geodata/edw/edw_resources/fc/S_R03.AFRAA_Hydro.gdb.zip"">ESRI Geodatabase</a>","<a href=""https://data.fs.usda.gov/geodata/edw/edw_resources/shp/S_R03.AFRAA_Hydro.zip"">Shapefile</a>"
98,Aerial Fire Retardant Hydrographic Avoidance Areas:  Aquatic - Region 4,Aerial retardant avoidance area for hydrographic feature data are based on high resolution National Hydrographic Dataset (NHD) produced by USGS and available from the USFS.,"<a href=""https://data.fs.usda.gov/geodata/edw/edw_resources/fc/S_R04.AFRAA_Hydro.gdb.zip"">ESRI Geodatabase</a>","<a href=""https://data.fs.usda.gov/geodata/edw/edw_resources/shp/S_R04.AFRAA_Hydro.zip"">Shapefile</a>"
99,Aerial Fire Retardant Hydrographic Avoidance Areas:  Aquatic - Region 5,Aerial retardant avoidance area for hydrographic feature data are based on high resolution National Hydrographic Dataset (NHD) produced by USGS and available from the USFS.,"<a href=""https://data.fs.usda.gov/geodata/edw/edw_resources/fc/S_R05.AFRAA_Hydro.gdb.zip"">ESRI Geodatabase</a>","<a href=""https://data.fs.usda.gov/geodata/edw/edw_resources/shp/S_R05.AFRAA_Hydro.zip"">Shapefile</a>"
100,Aerial Fire Retardant Hydrographic Avoidance Areas:  Aquatic - Region 6,Aerial retardant avoidance area for hydrographic feature data are based on high resolution National Hydrographic Dataset (NHD) produced by USGS and available from the USFS.,"<a href=""https://data.fs.usda.gov/geodata/edw/edw_resources/fc/S_R06.AFRAA_Hydro.gdb.zip"">ESRI Geodatabase</a>","<a href=""https://data.fs.usda.gov/geodata/edw/edw_resources/shp/S_R06.AFRAA_Hydro.zip"">Shapefile</a>"
101,Aerial Fire Retardant Hydrographic Avoidance Areas:  Aquatic - Region 8,Aerial retardant avoidance area for hydrographic feature data are based on high resolution National Hydrographic Dataset (NHD) produced by USGS and available from the USFS.,"<a href=""https://data.fs.usda.gov/geodata/edw/edw_resources/fc/S_R08.AFRAA_Hydro.gdb.zip"">ESRI Geodatabase</a>","<a href=""https://data.fs.usda.gov/geodata/edw/edw_resources/shp/S_R08.AFRAA_Hydro.zip"">Shapefile</a>"
102,Aerial Fire Retardant Hydrographic Avoidance Areas:  Aquatic - Region 9,Aerial retardant avoidance area for hydrographic feature data are based on high resolution National Hydrographic Dataset (NHD) produced by USGS and available from the USFS.,"<a href=""https://data.fs.usda.gov/geodata/edw/edw_resources/fc/S_R09.AFRAA_Hydro.gdb.zip"">ESRI Geodatabase</a>","<a href=""https://data.fs.usda.gov/geodata/edw/edw_resources/shp/S_R09.AFRAA_Hydro.zip"">Shapefile</a>"
103,Biology Aquatic Organism Passage Activities,This dataset provides USFS watershed improvement activities to barriers to upstream migration.,"<a href=""https://data.fs.usda.gov/geodata/edw/edw_resources/fc/S_USA.Bio_AquaticOrgPassage_Act_ext.gdb.zip"">ESRI Geodatabase</a>","<a href=""https://data.fs.usda.gov/geodata/edw/edw_resources/shp/S_USA.Bio_AquaticOrgPassage_Act_ext.zip"">Shapefile</a>"
104,Biology Aquatic Organism Passage Habitat Miles,This dataset displays miles of habitat improved upstream from an Aquatic Organism Passage (AOP) structure that was improved by an on the ground activity.,"<a href=""https://data.fs.usda.gov/geodata/edw/edw_resources/fc/S_USA.Bio_AquaticOrgPassage_HbMi_ext.gdb.zip"">ESRI Geodatabase</a>","<a href=""https://data.fs.usda.gov/geodata/edw/edw_resources/shp/S_USA.Bio_AquaticOrgPassage_HbMi_ext.zip"">Shapefile</a>"
105,Biology Aquatic Organism Passage Surveys,This dataset provides USFS Aquatic Organism Passage (AOP) survey data.,"<a href=""https://data.fs.usda.gov/geodata/edw/edw_resources/fc/S_USA.Bio_AquaticOrgPassage_Survey.gdb.zip"">ESRI Geodatabase</a>","<a href=""https://data.fs.usda.gov/geodata/edw/edw_resources/shp/S_USA.Bio_AquaticOrgPassage_Survey.zip"">Shapefile</a>"
106,Bipartisan Infrastructure Law - Landscape Investments,The Bipartisan Infrastructure Law (a.,"<a href=""https://data.fs.usda.gov/geodata/edw/edw_resources/fc/S_USA.BdyPln_BIL_LandscpInvestment.gdb.zip"">ESRI Geodatabase</a>","<a href=""https://data.fs.usda.gov/geodata/edw/edw_resources/shp/S_USA.BdyPln_BIL_LandscpInvestment.zip"">Shapefile</a>"
107,CALVEG Zones - Ecoregions,This polygon layer consists of boundaries for the ecological tile units and CALVEG (Classification and Assessment with Landsat of Visible Ecological Groupings) zone units currently being used to tile the EVEG (existing vegetation) dataset.,"<a href=""https://data.fs.usda.gov/geodata/edw/edw_resources/fc/S_USA.EV_CalvegZones_Ecoregions.gdb.zip"">ESRI Geodatabase</a>","<a href=""https://data.fs.usda.gov/geodata/edw/edw_resources/meta/S_USA.EV_CalvegZones_Ecoregions.xml"">Shapefile</a>"
108,"Climate Shield - Bull Trout, 1980","This feature class represents the historic (1980) scenario for bull trout, derived from the Climate Shield fish distribution models.","<a href=""https://data.fs.usda.gov/geodata/edw/edw_resources/fc/S_USA.ClimateShield_BULL0BRK0_1980.gdb.zip"">ESRI Geodatabase</a>","<a href=""https://data.fs.usda.gov/geodata/edw/edw_resources/shp/S_USA.ClimateShield_BULL0BRK0_1980.zip"">Shapefile</a>"
109,"Climate Shield - Bull Trout, 2040","This feature class represents the future (2040) scenario for bull trout, derived from the Climate Shield fish distribution models.","<a href=""https://data.fs.usda.gov/geodata/edw/edw_resources/fc/S_USA.ClimateShield_BULL0BRK0_2040.gdb.zip"">ESRI Geodatabase</a>","<a href=""https://data.fs.usda.gov/geodata/edw/edw_resources/shp/S_USA.ClimateShield_BULL0BRK0_2040.zip"">Shapefile</a>"
110,"Climate Shield - Bull Trout, 2080","This feature class represents the future (2080) scenario for bull trout, derived from the Climate Shield fish distribution models.","<a href=""https://data.fs.usda.gov/geodata/edw/edw_resources/fc/S_USA.ClimateShield_BULL0BRK0_2080.gdb.zip"">ESRI Geodatabase</a>","<a href=""https://data.fs.usda.gov/geodata/edw/edw_resources/shp/S_USA.ClimateShield_BULL0BRK0_2080.zip"">Shapefile</a>"
111,"Climate Shield - Cutthroat Trout, 1980","This feature class represents the historic (1980) scenario for cutthroat trout, derived from the Climate Shield fish distribution models.","<a href=""https://data.fs.usda.gov/geodata/edw/edw_resources/fc/S_USA.ClimateShield_CT0BRK0_1980.gdb.zip"">ESRI Geodatabase</a>","<a href=""https://data.fs.usda.gov/geodata/edw/edw_resources/shp/S_USA.ClimateShield_CT0BRK0_1980.zip"">Shapefile</a>"
112,"Climate Shield - Cutthroat Trout, 2040","This feature class represents the future (2040) scenario for cutthroat trout, derived from the Climate Shield fish distribution models.","<a href=""https://data.fs.usda.gov/geodata/edw/edw_resources/fc/S_USA.ClimateShield_CT0BRK0_2040.gdb.zip"">ESRI Geodatabase</a>","<a href=""https://data.fs.usda.gov/geodata/edw/edw_resources/shp/S_USA.ClimateShield_CT0BRK0_2040.zip"">Shapefile</a>"
113,"Climate Shield - Cutthroat Trout, 2080","This feature class represents the future (2080) scenario for cutthroat trout, derived from the Climate Shield fish distribution models.","<a href=""https://data.fs.usda.gov/geodata/edw/edw_resources/fc/S_USA.ClimateShield_CT0BRK0_2080.gdb.zip"">ESRI Geodatabase</a>","<a href=""https://data.fs.usda.gov/geodata/edw/edw_resources/shp/S_USA.ClimateShield_CT0BRK0_2080.zip"">Shapefile</a>"
114,Communications Sites - Special Use Authorizations,This data is intended for read-only use.,"<a href=""https://data.fs.usda.gov/geodata/edw/edw_resources/fc/S_USA.Util_CommSite_SpeclUse.gdb.zip"">ESRI Geodatabase</a>","<a href=""https://data.fs.usda.gov/geodata/edw/edw_resources/shp/S_USA.Util_CommSite_SpeclUse.zip"">Shapefile</a>"
115,Ecosystem Terrestrial Ecological Unit Inventory Status,The purpose of this dataset is to display the extent of existing Terrestrial Ecological Unit inventory (TEUI) data internally to facilitate inter-agency collaboration.,"<a href=""https://data.fs.usda.gov/geodata/edw/edw_resources/fc/S_USA.Ecosys_TEUI_Status.gdb.zip"">ESRI Geodatabase</a>","<a href=""https://data.fs.usda.gov/geodata/edw/edw_resources/shp/S_USA.Ecosys_TEUI_Status.zip"">Shapefile</a>"
116,Existing Vegetation: Region 5 - Central Coast,"This Existing Vegetation (EVeg) polygon feature class is a CALVEG (Classification and Assessment with LANDSAT of Visible Ecological Groupings) map product from a scale of 1:24,000 to 1:100,000.","<a href=""https://data.fs.usda.gov/geodata/edw/edw_resources/fc/S_USA.EVMid_R05_CentralCoast.gdb.zip"">ESRI Geodatabase</a>","<a href=""https://data.fs.usda.gov/geodata/edw/edw_resources/meta/S_USA.EVMid_R05_CentralCoast.xml"">Shapefile</a>"
117,Existing Vegetation: Region 5 - Central Valley,"This Existing Vegetation (EVeg) polygon feature class is a CALVEG (Classification and Assessment with LANDSAT of Visible Ecological Groupings) map product from a scale of 1:24,000 to 1:100,000 for CALVEG Zone 5, Central Valley.","<a href=""https://data.fs.usda.gov/geodata/edw/edw_resources/fc/S_USA.EVMid_R05_CentralValley.gdb.zip"">ESRI Geodatabase</a>","<a href=""https://data.fs.usda.gov/geodata/edw/edw_resources/meta/S_USA.EVMid_R05_CentralValley.xml"">Shapefile</a>"
118,Existing Vegetation: Region 5 - Great Basin,"This Existing Vegetation (Eveg) polygon feature class is a CALVEG (Classification and Assessment with LANDSAT of Visible Ecological Groupings) map product from a scale of 1:24,000 to 1:100,000 for CALVEG Zone 9, the Great Basin.","<a href=""https://data.fs.usda.gov/geodata/edw/edw_resources/fc/S_USA.EVMid_R05_GreatBasin.gdb.zip"">ESRI Geodatabase</a>","<a href=""https://data.fs.usda.gov/geodata/edw/edw_resources/meta/S_USA.EVMid_R05_GreatBasin.xml"">Shapefile</a>"
119,Existing Vegetation: Region 5 - North Coast East,"This Existing Vegetation (Eveg) polygon feature class is a CALVEG (Classification and Assessment with LANDSAT of Visible Ecological Groupings) map product from a scale of 1:24,000 to 1:100,000.","<a href=""https://data.fs.usda.gov/geodata/edw/edw_resources/fc/S_USA.EVMid_R05_NorCoastEast.gdb.zip"">ESRI Geodatabase</a>","<a href=""https://data.fs.usda.gov/geodata/edw/edw_resources/meta/S_USA.EVMid_R05_NorCoastEast.xml"">Shapefile</a>"
120,Existing Vegetation: Region 5 - North Coast Mid,"This Existing Vegetation (Eveg) polygon feature class is a CALVEG (Classification and Assessment with LANDSAT of Visible Ecological Groupings) map product from a scale of 1:24,000 to 1:100,000.","<a href=""https://data.fs.usda.gov/geodata/edw/edw_resources/fc/S_USA.EVMid_R05_NorCoastMid.gdb.zip"">ESRI Geodatabase</a>","<a href=""https://data.fs.usda.gov/geodata/edw/edw_resources/meta/S_USA.EVMid_R05_NorCoastMid.xml"">Shapefile</a>"
121,Existing Vegetation: Region 5 - North Coast West,"This Existing Vegetation (Eveg) polygon feature class is a CALVEG (Classification and Assessment with LANDSAT of Visible Ecological Groupings) map product from a scale of 1:24,000 to 1:100,000.","<a href=""https://data.fs.usda.gov/geodata/edw/edw_resources/fc/S_USA.EVMid_R05_NorCoastWest.gdb.zip"">ESRI Geodatabase</a>","<a href=""https://data.fs.usda.gov/geodata/edw/edw_resources/meta/S_USA.EVMid_R05_NorCoastWest.xml"">Shapefile</a>"
122,Existing Vegetation: Region 5 - North Interior,"This Existing Vegetation (Eveg) polygon feature class is a CALVEG (Classification and Assessment with LANDSAT of Visible Ecological Groupings) map product from a scale of 1:24,000 to 1:100,000.","<a href=""https://data.fs.usda.gov/geodata/edw/edw_resources/fc/S_USA.EVMid_R05_NorthInterior.gdb.zip"">ESRI Geodatabase</a>","<a href=""https://data.fs.usda.gov/geodata/edw/edw_resources/meta/S_USA.EVMid_R05_NorthInterior.xml"">Shapefile</a>"
123,Existing Vegetation: Region 5 - North Sierra,"This Existing Vegetation (Eveg) polygon feature class is a CALVEG (Classification and Assessment with LANDSAT of Visible Ecological Groupings) map product from a scale of 1:24,000 to 1:100,000.","<a href=""https://data.fs.usda.gov/geodata/edw/edw_resources/fc/S_USA.EVMid_R05_NorthSierra.gdb.zip"">ESRI Geodatabase</a>","<a href=""https://data.fs.usda.gov/geodata/edw/edw_resources/meta/S_USA.EVMid_R05_NorthSierra.xml"">Shapefile</a>"
124,Existing Vegetation: Region 5 - South Coast,"This Existing Vegetation (Eveg) polygon feature class is a CALVEG (Classification and Assessment with LANDSAT of Visible Ecological Groupings) map product from a scale of 1:24,000 to 1:100,000 for CALVEG Zone 7, the South Coast.","<a href=""https://data.fs.usda.gov/geodata/edw/edw_resources/fc/S_USA.EVMid_R05_SouCoast.gdb.zip"">ESRI Geodatabase</a>","<a href=""https://data.fs.usda.gov/geodata/edw/edw_resources/meta/S_USA.EVMid_R05_SouCoast.xml"">Shapefile</a>"
125,Existing Vegetation: Region 5 - South Interior,"This Existing Vegetation (Eveg) polygon feature class is a CALVEG (Classification and Assessment with LANDSAT of Visible Ecological Groupings) map product from a scale of 1:24,000 to 1:100,000 for CALVEG Zone 8, the South Interior.","<a href=""https://data.fs.usda.gov/geodata/edw/edw_resources/fc/S_USA.EVMid_R05_SouthInterior.gdb.zip"">ESRI Geodatabase</a>","<a href=""https://data.fs.usda.gov/geodata/edw/edw_resources/meta/S_USA.EVMid_R05_SouthInterior.xml"">Shapefile</a>"
126,Existing Vegetation: Region 5 - South Sierra,"This Existing Vegetation (Eveg) polygon feature class is a CALVEG (Classification and Assessment with LANDSAT of Visible Ecological Groupings) map product from a scale of 1:24,000 to 1:100,000 for CALVEG Zone 4, the South Sierra.","<a href=""https://data.fs.usda.gov/geodata/edw/edw_resources/fc/S_USA.EVMid_R05_SouthSierra.gdb.zip"">ESRI Geodatabase</a>","<a href=""https://data.fs.usda.gov/geodata/edw/edw_resources/meta/S_USA.EVMid_R05_SouthSierra.xml"">Shapefile</a>"
127,Experimental Forest and Range Areas,"This polygon feature class contains the boundaries of 86 of 87 experimental forests, ranges and watersheds, including cooperating experimental areas.","<a href=""https://data.fs.usda.gov/geodata/edw/edw_resources/fc/S_USA.Experimental_Area_Boundaries.gdb.zip"">ESRI Geodatabase</a>","<a href=""https://data.fs.usda.gov/geodata/edw/edw_resources/shp/S_USA.Experimental_Area_Boundaries.zip"">Shapefile</a>"
128,Experimental Forest and Range Locations,"This point feature class contains the locations of all 87 experimental forests, ranges and watersheds, including cooperating experimental areas.","<a href=""https://data.fs.usda.gov/geodata/edw/edw_resources/fc/S_USA.Experimental_Area_Locations.gdb.zip"">ESRI Geodatabase</a>","<a href=""https://data.fs.usda.gov/geodata/edw/edw_resources/shp/S_USA.Experimental_Area_Locations.zip"">Shapefile</a>"
129,FACTS Common Attributes - Region 01,"The Forest Service's Natural Resource Manager (NRM) Forest Activity Tracking System (FACTS) is the agency standard for managing information about activities related to fire/fuels, silviculture, and invasive species.","<a href=""https://data.fs.usda.gov/geodata/edw/edw_resources/fc/Actv_CommonAttribute_PL_Region01.zip"">ESRI Geodatabase</a>","<a href=""https://data.fs.usda.gov/geodata/edw/edw_resources/gpkg/Actv_CommonAttribute_PL_Region01.zip"">Shapefile</a>"
130,FACTS Common Attributes - Region 02,"The Forest Service's Natural Resource Manager (NRM) Forest Activity Tracking System (FACTS) is the agency standard for managing information about activities related to fire/fuels, silviculture, and invasive species.","<a href=""https://data.fs.usda.gov/geodata/edw/edw_resources/fc/Actv_CommonAttribute_PL_Region02.zip"">ESRI Geodatabase</a>","<a href=""https://data.fs.usda.gov/geodata/edw/edw_resources/gpkg/Actv_CommonAttribute_PL_Region02.zip"">Shapefile</a>"
131,FACTS Common Attributes - Region 03,"The Forest Service's Natural Resource Manager (NRM) Forest Activity Tracking System (FACTS) is the agency standard for managing information about activities related to fire/fuels, silviculture, and invasive species.","<a href=""https://data.fs.usda.gov/geodata/edw/edw_resources/fc/Actv_CommonAttribute_PL_Region03.zip"">ESRI Geodatabase</a>","<a href=""https://data.fs.usda.gov/geodata/edw/edw_resources/gpkg/Actv_CommonAttribute_PL_Region03.zip"">Shapefile</a>"
132,FACTS Common Attributes - Region 04,"The Forest Service's Natural Resource Manager (NRM) Forest Activity Tracking System (FACTS) is the agency standard for managing information about activities related to fire/fuels, silviculture, and invasive species.","<a href=""https://data.fs.usda.gov/geodata/edw/edw_resources/fc/Actv_CommonAttribute_PL_Region04.zip"">ESRI Geodatabase</a>","<a href=""https://data.fs.usda.gov/geodata/edw/edw_resources/gpkg/Actv_CommonAttribute_PL_Region04.zip"">Shapefile</a>"
133,FACTS Common Attributes - Region 05,"The Forest Service's Natural Resource Manager (NRM) Forest Activity Tracking System (FACTS) is the agency standard for managing information about activities related to fire/fuels, silviculture, and invasive species.","<a href=""https://data.fs.usda.gov/geodata/edw/edw_resources/fc/Actv_CommonAttribute_PL_Region05.zip"">ESRI Geodatabase</a>","<a href=""https://data.fs.usda.gov/geodata/edw/edw_resources/gpkg/Actv_CommonAttribute_PL_Region05.zip"">Shapefile</a>"
134,FACTS Common Attributes - Region 06,"The Forest Service's Natural Resource Manager (NRM) Forest Activity Tracking System (FACTS) is the agency standard for managing information about activities related to fire/fuels, silviculture, and invasive species.","<a href=""https://data.fs.usda.gov/geodata/edw/edw_resources/fc/Actv_CommonAttribute_PL_Region06.zip"">ESRI Geodatabase</a>","<a href=""https://data.fs.usda.gov/geodata/edw/edw_resources/gpkg/Actv_CommonAttribute_PL_Region06.zip"">Shapefile</a>"
135,FACTS Common Attributes - Region 08,"The Forest Service's Natural Resource Manager (NRM) Forest Activity Tracking System (FACTS) is the agency standard for managing information about activities related to fire/fuels, silviculture, and invasive species.","<a href=""https://data.fs.usda.gov/geodata/edw/edw_resources/fc/Actv_CommonAttribute_PL_Region08.zip"">ESRI Geodatabase</a>","<a href=""https://data.fs.usda.gov/geodata/edw/edw_resources/gpkg/Actv_CommonAttribute_PL_Region08.zip"">Shapefile</a>"
136,FACTS Common Attributes - Region 09,"The Forest Service's Natural Resource Manager (NRM) Forest Activity Tracking System (FACTS) is the agency standard for managing information about activities related to fire/fuels, silviculture, and invasive species.","<a href=""https://data.fs.usda.gov/geodata/edw/edw_resources/fc/Actv_CommonAttribute_PL_Region09.zip"">ESRI Geodatabase</a>","<a href=""https://data.fs.usda.gov/geodata/edw/edw_resources/gpkg/Actv_CommonAttribute_PL_Region09.zip"">Shapefile</a>"
137,FACTS Common Attributes - Region 10,"The Forest Service's Natural Resource Manager (NRM) Forest Activity Tracking System (FACTS) is the agency standard for managing information about activities related to fire/fuels, silviculture, and invasive species.","<a href=""https://data.fs.usda.gov/geodata/edw/edw_resources/fc/Actv_CommonAttribute_PL_Region10.zip"">ESRI Geodatabase</a>","<a href=""https://data.fs.usda.gov/geodata/edw/edw_resources/gpkg/Actv_CommonAttribute_PL_Region10.zip"">Shapefile</a>"
138,FIA Landcover County Estimates 2015,This feature class represents forest area estimates (and percent sampling error) by county for the year 2015.,"<a href=""https://data.fs.usda.gov/geodata/edw/edw_resources/fc/S_USA.Lndcv_FIA_CntyEst_2015_PL.gdb.zip"">ESRI Geodatabase</a>","<a href=""https://data.fs.usda.gov/geodata/edw/edw_resources/shp/S_USA.Lndcv_FIA_CntyEst_2015_PL.zip"">Shapefile</a>"
139,FIA Landcover County Estimates 2016,This feature class represents forest area estimates (and percent sampling error) by county for the year 2016.,"<a href=""https://data.fs.usda.gov/geodata/edw/edw_resources/fc/S_USA.Lndcv_FIA_CntyEst_2016_PL.gdb.zip"">ESRI Geodatabase</a>","<a href=""https://data.fs.usda.gov/geodata/edw/edw_resources/shp/S_USA.Lndcv_FIA_CntyEst_2016_PL.zip"">Shapefile</a>"
140,FIA Landcover County Estimates 2017,This feature class represents forest area estimates (and percent sampling error) by county for the year 2017.,"<a href=""https://data.fs.usda.gov/geodata/edw/edw_resources/fc/S_USA.Lndcv_FIA_CntyEst_2017_PL.gdb.zip"">ESRI Geodatabase</a>","<a href=""https://data.fs.usda.gov/geodata/edw/edw_resources/shp/S_USA.Lndcv_FIA_CntyEst_2017_PL.zip"">Shapefile</a>"
141,FIRESTAT Fire Occurrence - Yearly Update,"The FIRESTAT (Fire Statistics System) Fire Occurrence point layer represents ignition points, or points of origin, from which individual wildland fires started on National Forest System lands.","<a href=""https://data.fs.usda.gov/geodata/edw/edw_resources/fc/S_USA.Fire_Occurrence_FIRESTAT_YRLY.gdb.zip"">ESRI Geodatabase</a>","<a href=""https://data.fs.usda.gov/geodata/edw/edw_resources/shp/S_USA.Fire_Occurrence_FIRESTAT_YRLY.zip"">Shapefile</a>"
142,FS/NRCS Joint Chiefs Landscape Restoration Partnership Projects,FSNRC boundaries attributed with NRCS Regions.,"<a href=""https://data.fs.usda.gov/geodata/edw/edw_resources/fc/S_USA.Actv_ProjectArea_FSNRC.gdb.zip"">ESRI Geodatabase</a>","<a href=""https://data.fs.usda.gov/geodata/edw/edw_resources/shp/S_USA.Actv_ProjectArea_FSNRC.zip"">Shapefile</a>"
143,Fireshed Registry: Fireshed,The Fireshed Registry is a geospatial dashboard and decision tool built to organize information about wildfire transmission to communities and monitor progress towards risk reduction for communities from management investments.,"<a href=""https://data.fs.usda.gov/geodata/edw/edw_resources/fc/S_USA.Fire_FireshedReg_Fireshed.gdb.zip"">ESRI Geodatabase</a>","<a href=""https://data.fs.usda.gov/geodata/edw/edw_resources/shp/S_USA.Fire_FireshedReg_Fireshed.zip"">Shapefile</a>"
144,Fireshed Registry: Project Area,The Fireshed Registry is a geospatial dashboard and decision tool built to organize information about wildfire transmission to communities and monitor progress towards risk reduction for communities from management investments.,"<a href=""https://data.fs.usda.gov/geodata/edw/edw_resources/fc/S_USA.Fire_FireshedReg_ProjArea.gdb.zip"">ESRI Geodatabase</a>","<a href=""https://data.fs.usda.gov/geodata/edw/edw_resources/shp/S_USA.Fire_FireshedReg_ProjArea.zip"">Shapefile</a>"
145,Forest Common Names,Basic Description: The FSCommonNames dataset contains the common names of the national forests and grasslands and their respective FS WWW URL information that is used for both display of the national forest and national grassland boundaries on any map product and for dynamic interactivity of the map.,"<a href=""https://data.fs.usda.gov/geodata/edw/edw_resources/fc/S_USA.FSCommonNames.gdb.zip"">ESRI Geodatabase</a>","<a href=""https://data.fs.usda.gov/geodata/edw/edw_resources/shp/S_USA.FSCommonNames.zip"">Shapefile</a>"
146,Forest Product Appraisal Zone - Ranger Districts,Features in this dataset reprsent individual USFS Ranger Districts or USFS Administrative Forests Boundaries which compose a stumpage market.,"<a href=""https://data.fs.usda.gov/geodata/edw/edw_resources/fc/S_USA.Com_TimberAppraisalZone_RDs.gdb.zip"">ESRI Geodatabase</a>","<a href=""https://data.fs.usda.gov/geodata/edw/edw_resources/shp/S_USA.Com_TimberAppraisalZone_RDs.zip"">Shapefile</a>"
147,Forest Product Appraisal Zones,This dataset is a spatial display of US Forest Service stumpage market appraisal zones.,"<a href=""https://data.fs.usda.gov/geodata/edw/edw_resources/fc/S_USA.Com_TimberAppraisalZone.gdb.zip"">ESRI Geodatabase</a>","<a href=""https://data.fs.usda.gov/geodata/edw/edw_resources/shp/S_USA.Com_TimberAppraisalZone.zip"">Shapefile</a>"
148,Forest Service Land and Water Conservation Fund Parcels,This data is intended for read-only use.,"<a href=""https://data.fs.usda.gov/geodata/edw/edw_resources/fc/S_USA.Bdyown_LWCF_Parcel.gdb.zip"">ESRI Geodatabase</a>","<a href=""https://data.fs.usda.gov/geodata/edw/edw_resources/shp/S_USA.Bdyown_LWCF_Parcel.zip"">Shapefile</a>"
149,Forest Service Office Locations,This data includes offices where Forest Service employees work or where IT equipment is housed.,"<a href=""https://data.fs.usda.gov/geodata/edw/edw_resources/fc/S_USA.Bld_FS_Office_Location.gdb.zip"">ESRI Geodatabase</a>","<a href=""https://data.fs.usda.gov/geodata/edw/edw_resources/shp/S_USA.Bld_FS_Office_Location.zip"">Shapefile</a>"
150,Fraction of Runoff from Forest Service Lands,This feature class contains water runoff metrics from Forest Service lands.,"<a href=""https://data.fs.usda.gov/geodata/edw/edw_resources/fc/S_USA.Hydro_Pct_StreamFlow_NFS.gdb.zip"">ESRI Geodatabase</a>","<a href=""https://data.fs.usda.gov/geodata/edw/edw_resources/shp/S_USA.Hydro_Pct_StreamFlow_NFS.zip"">Shapefile</a>"
151,Great American Outdoors Act Project Detail : Line,This dataset contains the detailed information about the individual asset linear features such as roads and trails that make up Great American Outdoors Act (GAOA) projects.,"<a href=""https://data.fs.usda.gov/geodata/edw/edw_resources/fc/S_USA.Infra_GAOA_Project_Detail_LN.gdb.zip"">ESRI Geodatabase</a>","<a href=""https://data.fs.usda.gov/geodata/edw/edw_resources/shp/S_USA.Infra_GAOA_Project_Detail_LN.zip"">Shapefile</a>"
152,Great American Outdoors Act Project Detail: Point,"This dataset contains the detailed information about the individual asset point features such as recreation sites, that make up Great American Outdoors Act (GAOA) projects.","<a href=""https://data.fs.usda.gov/geodata/edw/edw_resources/fc/S_USA.Infra_GAOA_Project_Detail_PT.gdb.zip"">ESRI Geodatabase</a>","<a href=""https://data.fs.usda.gov/geodata/edw/edw_resources/shp/S_USA.Infra_GAOA_Project_Detail_PT.zip"">Shapefile</a>"
153,Great American Outdoors Act Project Partner Grants and Agreements,"These data describe the approximate project location and financial elements of US Forest Service, Great American Outdoors Act (GAOA) projects that are implemented through a Grant and/or Agreement.","<a href=""https://data.fs.usda.gov/geodata/edw/edw_resources/fc/S_USA.Infra_NAMP_Partner_Agreement.gdb.zip"">ESRI Geodatabase</a>","<a href=""https://data.fs.usda.gov/geodata/edw/edw_resources/shp/S_USA.Infra_NAMP_Partner_Agreement.zip"">Shapefile</a>"
154,Great American Outdoors Act Project Summary: Point,"This dataset displays the approximate location of US Forest Service, Great American Outdoors Act (GAOA) projects.","<a href=""https://data.fs.usda.gov/geodata/edw/edw_resources/fc/S_USA.Infra_GAOA_Project_Summary.gdb.zip"">ESRI Geodatabase</a>","<a href=""https://data.fs.usda.gov/geodata/edw/edw_resources/shp/S_USA.Infra_GAOA_Project_Summary.zip"">Shapefile</a>"
155,Great Basin Montane Watersheds - Furthest Head,Multiple research and management partners collaboratively developed a multiscale approach for assessing the geomorphic sensitivity of streams and ecological resilience of riparian and meadow ecosystems in upland watersheds of the Great Basin to disturbances and management actions.,"<a href=""https://data.fs.usda.gov/geodata/edw/edw_resources/fc/S_USA.Hydro_GrBasin_FurthestHead.gdb.zip"">ESRI Geodatabase</a>","<a href=""https://data.fs.usda.gov/geodata/edw/edw_resources/shp/S_USA.Hydro_GrBasin_FurthestHead.zip"">Shapefile</a>"
156,Great Basin Montane Watersheds - Heads,Multiple research and management partners collaboratively developed a multiscale approach for assessing the geomorphic sensitivity of streams and ecological resilience of riparian and meadow ecosystems in upland watersheds of the Great Basin to disturbances and management actions.,"<a href=""https://data.fs.usda.gov/geodata/edw/edw_resources/fc/S_USA.Hydro_GrBasin_Heads.gdb.zip"">ESRI Geodatabase</a>","<a href=""https://data.fs.usda.gov/geodata/edw/edw_resources/shp/S_USA.Hydro_GrBasin_Heads.zip"">Shapefile</a>"
157,Great Basin Montane Watersheds - Longest Stream,Multiple research and management partners collaboratively developed a multiscale approach for assessing the geomorphic sensitivity of streams and ecological resilience of riparian and meadow ecosystems in upland watersheds of the Great Basin to disturbances and management actions.,"<a href=""https://data.fs.usda.gov/geodata/edw/edw_resources/fc/S_USA.Hydro_GrBasin_LongestStream.gdb.zip"">ESRI Geodatabase</a>","<a href=""https://data.fs.usda.gov/geodata/edw/edw_resources/shp/S_USA.Hydro_GrBasin_LongestStream.zip"">Shapefile</a>"
158,Great Basin Montane Watersheds - Mountain Ranges,Multiple research and management partners collaboratively developed a multiscale approach for assessing the geomorphic sensitivity of streams and ecological resilience of riparian and meadow ecosystems in upland watersheds of the Great Basin to disturbances and management actions.,"<a href=""https://data.fs.usda.gov/geodata/edw/edw_resources/fc/S_USA.Hydro_GrBasin_MtnRanges.gdb.zip"">ESRI Geodatabase</a>","<a href=""https://data.fs.usda.gov/geodata/edw/edw_resources/shp/S_USA.Hydro_GrBasin_MtnRanges.zip"">Shapefile</a>"
159,Great Basin Montane Watersheds - Pour Points,Multiple research and management partners collaboratively developed a multiscale approach for assessing the geomorphic sensitivity of streams and ecological resilience of riparian and meadow ecosystems in upland watersheds of the Great Basin to disturbances and management actions.,"<a href=""https://data.fs.usda.gov/geodata/edw/edw_resources/fc/S_USA.Hydro_GrBasin_PourPoint.gdb.zip"">ESRI Geodatabase</a>","<a href=""https://data.fs.usda.gov/geodata/edw/edw_resources/shp/S_USA.Hydro_GrBasin_PourPoint.zip"">Shapefile</a>"
160,Great Basin Montane Watersheds - Region,Multiple research and management partners collaboratively developed a multiscale approach for assessing the geomorphic sensitivity of streams and ecological resilience of riparian and meadow ecosystems in upland watersheds of the Great Basin to disturbances and management actions.,"<a href=""https://data.fs.usda.gov/geodata/edw/edw_resources/fc/S_USA.Hydro_GrBasin_Regions.gdb.zip"">ESRI Geodatabase</a>","<a href=""https://data.fs.usda.gov/geodata/edw/edw_resources/shp/S_USA.Hydro_GrBasin_Regions.zip"">Shapefile</a>"
161,Great Basin Montane Watersheds - Streams,Multiple research and management partners collaboratively developed a multiscale approach for assessing the geomorphic sensitivity of streams and ecological resilience of riparian and meadow ecosystems in upland watersheds of the Great Basin to disturbances and management actions.,"<a href=""https://data.fs.usda.gov/geodata/edw/edw_resources/fc/S_USA.Hydro_GrBasin_Streams4000.gdb.zip"">ESRI Geodatabase</a>","<a href=""https://data.fs.usda.gov/geodata/edw/edw_resources/shp/S_USA.Hydro_GrBasin_Streams4000.zip"">Shapefile</a>"
162,Great Basin Montane Watersheds - Valley Bottoms,Multiple research and management partners collaboratively developed a multiscale approach for assessing the geomorphic sensitivity of streams and ecological resilience of riparian and meadow ecosystems in upland watersheds of the Great Basin to disturbances and management actions.,"<a href=""https://data.fs.usda.gov/geodata/edw/edw_resources/fc/S_USA.Hydro_GrBasin_ValleyBottom.gdb.zip"">ESRI Geodatabase</a>","<a href=""https://data.fs.usda.gov/geodata/edw/edw_resources/shp/S_USA.Hydro_GrBasin_ValleyBottom.zip"">Shapefile</a>"
163,Great Basin Montane Watersheds - Watersheds,Multiple research and management partners collaboratively developed a multiscale approach for assessing the geomorphic sensitivity of streams and ecological resilience of riparian and meadow ecosystems in upland watersheds of the Great Basin to disturbances and management actions.,"<a href=""https://data.fs.usda.gov/geodata/edw/edw_resources/fc/S_USA.Hydro_GrBasin_Watersheds.gdb.zip"">ESRI Geodatabase</a>","<a href=""https://data.fs.usda.gov/geodata/edw/edw_resources/shp/S_USA.Hydro_GrBasin_Watersheds.zip"">Shapefile</a>"
164,"Historical Woodland Density of the Conterminous U.S., 1873",This dataset includes polygons with a minimum of 40 acres of woodlands per square mile as depicted in William H.,"<a href=""https://data.fs.usda.gov/geodata/edw/edw_resources/fc/S_USA.Historical_Woodlands_1873.gdb.zip"">ESRI Geodatabase</a>","<a href=""https://data.fs.usda.gov/geodata/edw/edw_resources/shp/S_USA.Historical_Woodlands_1873.zip"">Shapefile</a>"
165,Hydro Flow Metrics for the Contiguous United States (Absolute Change by End-of-Century),"This file represents modeled streamflow across the contiguous United States, for the absolute change between the historical (1977-2006) and projected future end-of-century time period (20702099), based on gridded simulations of daily total runoff.","<a href=""https://data.fs.usda.gov/geodata/edw/edw_resources/fc/S_USA.Hydro_FlowMet_2080sChgAbs.gdb.zip"">ESRI Geodatabase</a>","<a href=""https://data.fs.usda.gov/geodata/edw/edw_resources/meta/S_USA.Hydro_FlowMet_2080sChgAbs.xml"">Shapefile</a>"
166,Hydro Flow Metrics for the Contiguous United States (Absolute Change by Mid-Century),"This file represents modeled streamflow across the contiguous United States, for the absolute change between the historical (1977-2006) and projected future mid-century time period (20302059), based on gridded simulations of daily total runoff.","<a href=""https://data.fs.usda.gov/geodata/edw/edw_resources/fc/S_USA.Hydro_FlowMet_2040sChgAbs.gdb.zip"">ESRI Geodatabase</a>","<a href=""https://data.fs.usda.gov/geodata/edw/edw_resources/meta/S_USA.Hydro_FlowMet_2040sChgAbs.xml"">Shapefile</a>"
167,Hydro Flow Metrics for the Contiguous United States (End-of-Century),"This file represents modeled streamflow across the contiguous United States, for the projected future end-of-century time period (20702099), based on gridded simulations of daily total runoff.","<a href=""https://data.fs.usda.gov/geodata/edw/edw_resources/fc/S_USA.Hydro_FlowMet_2080s.gdb.zip"">ESRI Geodatabase</a>","<a href=""https://data.fs.usda.gov/geodata/edw/edw_resources/meta/S_USA.Hydro_FlowMet_2080s.xml"">Shapefile</a>"
168,Hydro Flow Metrics for the Contiguous United States (Historical),"This file represents modeled streamflow across the contiguous United States, for the historical time period (1977-2006), based on gridded simulations of daily total runoff.","<a href=""https://data.fs.usda.gov/geodata/edw/edw_resources/fc/S_USA.Hydro_FlowMet_1990s.gdb.zip"">ESRI Geodatabase</a>","<a href=""https://data.fs.usda.gov/geodata/edw/edw_resources/meta/S_USA.Hydro_FlowMet_1990s.xml"">Shapefile</a>"
169,Hydro Flow Metrics for the Contiguous United States (Mid-Century),"This file represents modeled streamflow across the contiguous United States, for the projected future mid-century time period (20302059), based on gridded simulations of daily total runoff.","<a href=""https://data.fs.usda.gov/geodata/edw/edw_resources/fc/S_USA.Hydro_FlowMet_2040s.gdb.zip"">ESRI Geodatabase</a>","<a href=""https://data.fs.usda.gov/geodata/edw/edw_resources/meta/S_USA.Hydro_FlowMet_2040s.xml"">Shapefile</a>"
170,Hydro Flow Metrics for the Contiguous United States (Percent Change by End-of-Century),"This file represents modeled streamflow across the contiguous United States, for the percent change between the historical (1977-2006) and projected future end-of-century time period (20702099), based on gridded simulations of daily total runoff.","<a href=""https://data.fs.usda.gov/geodata/edw/edw_resources/fc/S_USA.Hydro_FlowMet_2080sChgPct.gdb.zip"">ESRI Geodatabase</a>","<a href=""https://data.fs.usda.gov/geodata/edw/edw_resources/meta/S_USA.Hydro_FlowMet_2080sChgPct.xml"">Shapefile</a>"
171,Hydro Flow Metrics for the Contiguous United States (Percent Change by Mid-Century),"This file represents modeled streamflow across the contiguous United States, for the percent change between the historical (1977-2006) and projected future end-of-century time period (20702089), based on gridded simulations of daily total runoff.","<a href=""https://data.fs.usda.gov/geodata/edw/edw_resources/fc/S_USA.Hydro_FlowMet_2040sChgPct.gdb.zip"">ESRI Geodatabase</a>","<a href=""https://data.fs.usda.gov/geodata/edw/edw_resources/meta/S_USA.Hydro_FlowMet_2040sChgPct.xml"">Shapefile</a>"
172,Land FASAB,"In 2021, the Federal Accounting Standards Advisory Board (FASAB) initiated a tracking mechanism that requires all federal agencies that own or manage land to categorize the acres of those lands into three broad categories of predominant land use and produce an annual report.","<a href=""https://data.fs.usda.gov/geodata/edw/edw_resources/fc/S_USA.BdyDesg_Land_FASAB.gdb.zip"">ESRI Geodatabase</a>","<a href=""https://data.fs.usda.gov/geodata/edw/edw_resources/shp/S_USA.BdyDesg_Land_FASAB.zip"">Shapefile</a>"
173,MTBS Burn Area Boundary,"The Monitoring Trends in Burn Severity (MTBS) Program assesses the frequency, extent, and magnitude (size and severity) of all large wildland fires (including wildfires and prescribed fires) in the conterminous United States (CONUS), Alaska, Hawaii, and Puerto Rico from the beginning of the Landsat Thematic Mapper archive to the present.","<a href=""https://data.fs.usda.gov/geodata/edw/edw_resources/fc/S_USA.MTBS_BURN_AREA_BOUNDARY.gdb.zip"">ESRI Geodatabase</a>","<a href=""https://data.fs.usda.gov/geodata/edw/edw_resources/shp/S_USA.MTBS_BURN_AREA_BOUNDARY.zip"">Shapefile</a>"
174,MTBS Fire Occurrence Points,"The Monitoring Trends in Burn Severity (MTBS) Program assesses the frequency, extent, and magnitude (size and severity) of all large wildland fires (including wildfires and prescribed fires) in the conterminous United States (CONUS), Alaska, Hawaii, and Puerto Rico from the beginning of the Landsat Thematic Mapper archive to the present.","<a href=""https://data.fs.usda.gov/geodata/edw/edw_resources/fc/S_USA.MTBS_FIRE_OCCURRENCE_PT.gdb.zip"">ESRI Geodatabase</a>","<a href=""https://data.fs.usda.gov/geodata/edw/edw_resources/shp/S_USA.MTBS_FIRE_OCCURRENCE_PT.zip"">Shapefile</a>"
175,NEPA Project Area Boundaries,Actv_ProjectArea_NEPA represents an area (polygon) within which one or more activities related to the National Environmental Policy Act (NEPA) are aggregated or organized.,"<a href=""https://data.fs.usda.gov/geodata/edw/edw_resources/fc/S_USA.Actv_ProjectArea_NEPA.gdb.zip"">ESRI Geodatabase</a>","<a href=""https://data.fs.usda.gov/geodata/edw/edw_resources/shp/S_USA.Actv_ProjectArea_NEPA.zip"">Shapefile</a>"
176,National USFS Final Fire Perimeter,The FirePerimeterFinal polygon layer represents final mapped wildland fire perimeters.,"<a href=""https://data.fs.usda.gov/geodata/edw/edw_resources/fc/S_USA.FirePerimeterFinal.gdb.zip"">ESRI Geodatabase</a>","<a href=""https://data.fs.usda.gov/geodata/edw/edw_resources/shp/S_USA.FirePerimeterFinal.zip"">Shapefile</a>"
177,National USFS Fire Occurrence Point,"The FireOccurrence point layer represents ignition points, or points of origin, from which individual USFS wildland fires started.","<a href=""https://data.fs.usda.gov/geodata/edw/edw_resources/fc/S_USA.FireOccurrence.gdb.zip"">ESRI Geodatabase</a>","<a href=""https://data.fs.usda.gov/geodata/edw/edw_resources/shp/S_USA.FireOccurrence.zip"">Shapefile</a>"
178,National USFS Fire Perimeter,The FirePerimeter polygon layer represents daily and final mapped wildland fire perimeters.,"<a href=""https://data.fs.usda.gov/geodata/edw/edw_resources/fc/S_USA.FirePerimeter.gdb.zip"">ESRI Geodatabase</a>","<a href=""https://data.fs.usda.gov/geodata/edw/edw_resources/shp/S_USA.FirePerimeter.zip"">Shapefile</a>"
179,NorWeST Observed Temperature Points,This layer indicates the location of the observed stream temperature records used for the NorWeST database summaries.,"<a href=""https://data.fs.usda.gov/geodata/edw/edw_resources/fc/S_USA.NorWeST_TemperaturePoints.gdb.zip"">ESRI Geodatabase</a>","<a href=""https://data.fs.usda.gov/geodata/edw/edw_resources/shp/S_USA.NorWeST_TemperaturePoints.zip"">Shapefile</a>"
180,NorWeST Predicted Stream Temperature Lines,This layer represents modeled stream temperatures derived from the NorWeST point feature class (NorWest_TemperaturePoints).,"<a href=""https://data.fs.usda.gov/geodata/edw/edw_resources/fc/S_USA.NorWeST_PredictedStreams.gdb.zip"">ESRI Geodatabase</a>","<a href=""https://data.fs.usda.gov/geodata/edw/edw_resources/shp/S_USA.NorWeST_PredictedStreams.zip"">Shapefile</a>"
181,Payments in Lieu of Taxes and All Service Receipts Forest Lands,This data is intended for read-only use.,"<a href=""https://data.fs.usda.gov/geodata/edw/edw_resources/fc/S_USA.BdyOwn_PILT_ASR.gdb.zip"">ESRI Geodatabase</a>","<a href=""https://data.fs.usda.gov/geodata/edw/edw_resources/shp/S_USA.BdyOwn_PILT_ASR.zip"">Shapefile</a>"
182,RAVG Perimeters - Postfire Vegetation Change,The USDA Forest Service Rapid Assessment of Vegetation Condition after Wildfire (RAVG) program produces geospatial and related data representing post-fire vegetation condition by means of standardized change detection methods based on Landsat or similar multispectral satellite imagery.,"<a href=""https://data.fs.usda.gov/geodata/edw/edw_resources/fc/S_USA.Fire_RAVG_Perimeters_PostfireVegChg.gdb.zip"">ESRI Geodatabase</a>","<a href=""https://data.fs.usda.gov/geodata/edw/edw_resources/shp/S_USA.Fire_RAVG_Perimeters_PostfireVegChg.zip"">Shapefile</a>"
183,RAVG Perimeters - Postfire Vegetation Change by Forest,The USDA Forest Service Rapid Assessment of Vegetation Condition after Wildfire (RAVG) program produces geospatial and related data representing post-fire vegetation condition by means of standardized change detection methods based on Landsat or similar multispectral satellite imagery.,"<a href=""https://data.fs.usda.gov/geodata/edw/edw_resources/fc/S_USA.Fire_RAVG_Perimeters_PostfireVegChg_ByForest.gdb.zip"">ESRI Geodatabase</a>","<a href=""https://data.fs.usda.gov/geodata/edw/edw_resources/shp/S_USA.Fire_RAVG_Perimeters_PostfireVegChg_ByForest.zip"">Shapefile</a>"
184,Research Station Boundaries,These data are a polygon feature class that represents the administrative boundaries of the US Forest Service Research and Development Stations.,"<a href=""https://data.fs.usda.gov/geodata/edw/edw_resources/fc/S_USA.ResearchStationBoundaries.gdb.zip"">ESRI Geodatabase</a>","<a href=""https://data.fs.usda.gov/geodata/edw/edw_resources/shp/S_USA.ResearchStationBoundaries.zip"">Shapefile</a>"
185,Research Station Boundaries (Generalized),ResearchStationBoundaries_Gen is a generalized spatial representation of the administrative boundaries of the US Forest Service Research and Development Stations.,"<a href=""https://data.fs.usda.gov/geodata/edw/edw_resources/fc/S_USA.ResearchStationBoundaries_Gen.gdb.zip"">ESRI Geodatabase</a>","<a href=""https://data.fs.usda.gov/geodata/edw/edw_resources/shp/S_USA.ResearchStationBoundaries_Gen.zip"">Shapefile</a>"
186,Research Station Facilities,These data are a point feature class that provides the location of Research and Development's offices across the United States.,"<a href=""https://data.fs.usda.gov/geodata/edw/edw_resources/fc/S_USA.ResearchStationFacilities.gdb.zip"">ESRI Geodatabase</a>","<a href=""https://data.fs.usda.gov/geodata/edw/edw_resources/shp/S_USA.ResearchStationFacilities.zip"">Shapefile</a>"
187,Sale Area Improvement Project Boundaries,Actv_ProjectArea_SAIPlan represents an area (polygon) within which one or more Sale Area Improvement (SAI) related activities are aggregated or organized.,"<a href=""https://data.fs.usda.gov/geodata/edw/edw_resources/fc/S_USA.Actv_ProjectArea_SAIPlan.gdb.zip"">ESRI Geodatabase</a>","<a href=""https://data.fs.usda.gov/geodata/edw/edw_resources/shp/S_USA.Actv_ProjectArea_SAIPlan.zip"">Shapefile</a>"
188,"Spatial wildfire occurrence data for the United States, 1992-2020 (6th Edition)",This data publication contains a spatial database of wildfires that occurred in the United States from 1992 to 2020.,"<a href=""https://data.fs.usda.gov/geodata/edw/edw_resources/fc/S_USA.Fire_FPA_FOD_6th_Fires.gdb.zip"">ESRI Geodatabase</a>","<a href=""https://data.fs.usda.gov/geodata/edw/edw_resources/shp/S_USA.Fire_FPA_FOD_6th_Fires.zip"">Shapefile</a>"
189,Surface Drinking Water Importance,"The Forests to Faucets dataset provides a watershed index of surface drinking water importance, a watershed index of forest importance to surface drinking water, and a watershed index to highlight the extent to which development, fire, and insects and disease threaten forests important for surface drinking water.","<a href=""https://data.fs.usda.gov/geodata/edw/edw_resources/fc/S_USA.ForestsToFaucets.gdb.zip"">ESRI Geodatabase</a>","<a href=""https://data.fs.usda.gov/geodata/edw/edw_resources/shp/S_USA.ForestsToFaucets.zip"">Shapefile</a>"
190,Surface Drinking Water Importance - Forests on the Edge,These data have been depreciated and an updated dataset is available titled Forests to Faucets 2.,"<a href=""https://data.fs.usda.gov/geodata/edw/edw_resources/fc/S_USA.FORESTSONTHEEDGE.gdb.zip"">ESRI Geodatabase</a>","<a href=""https://data.fs.usda.gov/geodata/edw/edw_resources/shp/S_USA.FORESTSONTHEEDGE.zip"">Shapefile</a>"
191,Timber Sale Project Area Boundaries,Actv_ProjectArea_TimberSale represents an area (polygon) within which one or more Timber Sale related activities are aggregated or organized.,"<a href=""https://data.fs.usda.gov/geodata/edw/edw_resources/fc/S_USA.Actv_ProjectArea_TimberSale.gdb.zip"">ESRI Geodatabase</a>","<a href=""https://data.fs.usda.gov/geodata/edw/edw_resources/shp/S_USA.Actv_ProjectArea_TimberSale.zip"">Shapefile</a>"
192,Tongass Landslide Areas,This is a once-over landslide inventory of the Tongass National Forest.,"<a href=""https://data.fs.usda.gov/geodata/edw/edw_resources/fc/S_USA.Tongass_Landslide_Areas.gdb.zip"">ESRI Geodatabase</a>","<a href=""https://data.fs.usda.gov/geodata/edw/edw_resources/meta/S_USA.Tongass_Landslide_Areas.xml"">Shapefile</a>"
193,Tongass Landslide Initiation,This is the point feature class for theonce-over landslide inventory of the Tongass National Forest.,"<a href=""https://data.fs.usda.gov/geodata/edw/edw_resources/fc/S_USA.Tongass_Landslide_Initiation.gdb.zip"">ESRI Geodatabase</a>","<a href=""https://data.fs.usda.gov/geodata/edw/edw_resources/meta/S_USA.Tongass_Landslide_Initiation.xml"">Shapefile</a>"
194,Tribal Ceded Lands,"Sixty-seven maps from ""Indian Land Cessions in the United States,"" compiled by Charles C.","<a href=""https://data.fs.usda.gov/geodata/edw/edw_resources/fc/S_USA.TRIBALCEDEDLANDS.gdb.zip"">ESRI Geodatabase</a>","<a href=""https://data.fs.usda.gov/geodata/edw/edw_resources/shp/S_USA.TRIBALCEDEDLANDS.zip"">Shapefile</a>"
195,Tribal Ceded Lands Table,"This is a table used for joining additional attributes to the feature class called TribalCededLands, which is the result of scanning, georeferencing and digitizing sixty-seven maps from ""Indian Land Cessions in the United States,"" compiled by Charles C.","<a href=""https://data.fs.usda.gov/geodata/edw/edw_resources/fc/S_USA.TribalCededLandsTable.gdb.zip"">ESRI Geodatabase</a>","<a href=""https://data.fs.usda.gov/geodata/edw/edw_resources/meta/S_USA.TribalCededLandsTable.xml"">Shapefile</a>"
196,U.S. Forest Service Silviculture Reforestation Needs,"The SilvReforestation feature class represents activities associated with the following performance measure: Forest Vegetation Establishment (Planting, Seeding, Site Preparation for Natural Regeneration and Certification of Natural Regeneration without Site Preparation).","<a href=""https://data.fs.usda.gov/geodata/edw/edw_resources/fc/Actv_SilvReforest_Needs.gdb.zip"">ESRI Geodatabase</a>","<a href=""https://data.fs.usda.gov/geodata/edw/edw_resources/shp/Actv_SilvReforest_Needs.zip"">Shapefile</a>"
197,U.S. Forest Service Silviculture Timber Stand Improvement Needs,"The SilvTSI (Silviculture Timber Stand Improvement) feature class represents activities associated with the following performance measure: Forest Vegetation Improved (Release, Weeding, and Cleaning, Precommercial Thinning, Pruning and Fertilization).","<a href=""https://data.fs.usda.gov/geodata/edw/edw_resources/fc/S_USA.Actv_SilvTSI_Needs.gdb.zip"">ESRI Geodatabase</a>","<a href=""https://data.fs.usda.gov/geodata/edw/edw_resources/shp/S_USA.Actv_SilvTSI_Needs.zip"">Shapefile</a>"
198,Watershed Condition Classification,The Watershed Condition Classification feature class represents data on Watershed Condition on Forest Service lands in HUC12 (from the Watershed Boundary Dataset) watersheds that contain more than 5% USFS ownership.,"<a href=""https://data.fs.usda.gov/geodata/edw/edw_resources/fc/S_USA.Hydro_WatershedConditionClass_USGS.gdb.zip"">ESRI Geodatabase</a>","<a href=""https://data.fs.usda.gov/geodata/edw/edw_resources/shp/S_USA.Hydro_WatershedConditionClass_USGS.zip"">Shapefile</a>"
